0.004619,9,18,3867,9642,688,682,69.8,10,0,10,1769497071
0.001121,0,1,595,1962,585,585,59.5,0,0,10,1769497146
0.000385,0,1,545,1766,535,535,54.5,0,5,10,1769497146
0.001119,0,1,503,1621,493,493,50.3,0,10,10,1769497146
0.001522,1,2,517,1672,465,463,47.5,1,15,10,1769497146
0.001296,1,2,480,1551,433,431,44.3,1,20,10,1769497146
0.000766,0,1,421,1356,411,411,42.1,0,25,10,1769497146
0.001823,0,0,622,2082,612,612,62.2,0,0,10,1769497184,5
0.001352,0,0,612,2042,602,602,61.2,0,1,10,1769497184,5
0.000987,0,0,602,2002,592,592,60.2,0,2,10,1769497184,5
0.000614,0,0,592,1963,582,582,59.2,0,3,10,1769497184,5
0.001399,0,0,586,1939,576,576,58.6,0,4,10,1769497184,5
0.00074,0,0,588,1945,578,578,58.8,0,5,10,1769497184,5
0.001333,0,0,585,1929,575,575,58.5,0,6,10,1769497184,5
0.000608,0,0,575,1892,565,565,57.5,0,7,10,1769497184,5
0.000959,0,0,565,1855,555,555,56.5,0,8,10,1769497184,5
0.001318,0,0,555,1820,545,545,55.5,0,9,10,1769497184,5
0.001491,0,0,539,1760,529,529,53.9,0,10,10,1769497184,5
0.001132,0,0,529,1725,519,519,52.9,0,11,10,1769497184,5
0.001159,0,0,519,1690,509,509,51.9,0,12,10,1769497184,5
0.000395,0,0,509,1654,499,499,50.9,0,13,10,1769497184,5
0.001008,0,0,503,1636,493,493,50.3,0,14,10,1769497184,5
0.001335,0,0,493,1602,483,483,49.3,0,15,10,1769497184,5
0.000717,0,0,506,1641,496,496,50.6,0,16,10,1769497184,5
0.001479,0,0,524,1701,514,514,52.4,0,17,10,1769497184,5
0.001505,0,0,514,1673,504,504,51.4,0,18,10,1769497184,5
0.001272,0,0,504,1638,494,494,50.4,0,19,10,1769497184,5
0.00097,0,0,494,1602,484,484,49.4,0,20,10,1769497184,5
0.001198,0,0,484,1569,474,474,48.4,0,21,10,1769497184,5
0.001315,0,0,480,1555,470,470,48,0,22,10,1769497184,5
0.001115,0,0,492,1588,482,482,49.2,0,23,10,1769497184,5
0.000452,0,0,498,1608,488,488,49.8,0,24,10,1769497184,5
0.001029,2,4,660,2143,495,494,50.5,1,25,10,1769497184,5
0.001673,1,2,570,1846,483,481,49.3,1,26,10,1769497184,5
0.001467,0,0,483,1558,473,471,48.3,0,27,10,1769497184,5
0.0004,0,0,481,1546,471,469,48.1,0,28,10,1769497184,5
0.000553,0,0,477,1533,467,465,47.7,0,29,10,1769497184,5
0.001155,0,0,500,1602,490,490,50,0,30,10,1769497184,5
0.00136,0,0,479,1533,469,469,47.9,0,31,10,1769497184,5
0.001432,0,0,469,1501,459,459,46.9,0,32,10,1769497184,5
0.001129,0,0,459,1467,449,449,45.9,0,33,10,1769497184,5
0.001112,0,0,449,1437,439,439,44.9,0,34,10,1769497184,5
0.001208,0,0,439,1404,429,429,43.9,0,35,10,1769497184,5
0.00062,0,0,459,1462,449,449,45.9,0,36,10,1769497184,5
0.000542,0,0,449,1428,439,439,44.9,0,37,10,1769497184,5
0.001402,1,2,557,1789,447,447,45.7,1,38,10,1769497184,5
0.001454,1,2,549,1767,439,437,44.9,1,39,10,1769497184,5
0.001122,0,0,466,1489,455,453,46.5,0,40,10,1769497184,5
0.001049,0,0,451,1440,440,438,45,0,41,10,1769497184,5
0.001478,0,0,441,1407,430,428,44,0,42,10,1769497184,5
0.002035,0,0,452,1441,442,442,45.2,0,43,10,1769497184,5
0.001617,0,0,464,1486,454,454,46.4,0,44,10,1769497184,5
0.000734,0,0,465,1487,455,455,46.5,0,45,10,1769497184,5
0.000904,2,4,731,2335,483,482,49.3,2,46,10,1769497184,5
0.000853,5,10,1054,3395,476,471,48.6,2,47,10,1769497184,5
0.002329,2,4,765,2389,470,463,48,1,48,10,1769497184,5
0.001268,0,0,485,1540,466,459,47.6,0,49,10,1769497184,5
0.00041,0,0,484,1545,470,465,48,0,50,10,1769497184,5
0.0013,0,0,469,1505,460,458,47,0,51,10,1769497184,5
0.001469,0,0,459,1467,450,449,46,0,52,10,1769497184,5
0.000714,0,0,450,1438,440,440,45,0,53,10,1769497184,5
0.000972,0,0,498,1593,488,488,49.8,0,54,10,1769497184,5
0.001222,1,2,596,1901,508,508,51.8,1,55,10,1769497184,5
0.000668,0,0,481,1534,472,471,48.2,0,56,10,1769497184,5
0.000402,0,0,473,1511,464,463,47.4,0,57,10,1769497184,5
0.000381,0,0,491,1576,482,481,49.2,0,58,10,1769497184,5
0.001739,0,0,493,1580,484,483,49.4,0,59,10,1769497184,5
0.000936,1,2,590,1885,483,482,49.3,1,60,10,1769497184,5
0.001178,0,0,496,1591,485,484,49.5,0,61,10,1769497184,5
0.001065,0,0,491,1577,481,480,49.1,0,62,10,1769497184,5
0.000771,0,0,480,1537,471,470,48.1,0,63,10,1769497184,5
0.000566,0,0,471,1511,461,461,47.1,0,64,10,1769497184,5
0.000563,0,0,461,1475,451,451,46.1,0,65,10,1769497184,5
0.000473,0,0,451,1442,441,441,45.1,0,66,10,1769497184,5
0.000617,0,0,438,1400,428,428,43.8,0,67,10,1769497184,5
0.000452,0,0,428,1366,418,418,42.8,0,68,10,1769497184,5
0.000633,0,0,449,1435,439,439,44.9,0,69,10,1769497184,5
0.000516,0,0,504,1623,494,494,50.4,0,70,10,1769497184,5
0.000872,0,0,513,1655,503,503,51.3,0,71,10,1769497184,5
0.000587,0,0,485,1556,475,475,48.5,0,72,10,1769497184,5
0.000389,0,0,475,1523,465,465,47.5,0,73,10,1769497184,5
0.000794,1,2,567,1832,455,455,46.5,1,74,10,1769497184,5
0.000683,0,0,463,1493,453,453,46.3,0,75,10,1769497184,5
0.001108,0,0,453,1463,443,443,45.3,0,76,10,1769497184,5
0.001331,2,4,596,1916,437,436,44.7,1,77,10,1769497184,5
0.000619,1,2,535,1729,451,449,46.1,1,78,10,1769497184,5
0.001229,0,0,451,1459,441,439,45.1,0,79,10,1769497184,5
0.000714,0,0,441,1426,431,429,44.1,0,80,10,1769497184,5
0.000661,0,0,431,1392,421,419,43.1,0,81,10,1769497184,5
0.001207,0,0,433,1395,423,423,43.3,0,82,10,1769497184,5
0.000507,0,0,463,1493,453,453,46.3,0,83,10,1769497184,5
0.000551,0,0,471,1520,461,461,47.1,0,84,10,1769497184,5
0.000946,2,4,695,2238,453,452,46.3,2,85,10,1769497184,5
0.000938,2,4,717,2315,464,459,47.4,2,86,10,1769497184,5
0.00108,2,4,801,2574,501,494,51.1,2,87,10,1769497184,5
0.00066,0,0,503,1627,489,485,49.9,0,88,10,1769497184,5
0.000528,0,0,521,1697,508,505,51.8,0,89,10,1769497184,5
0.000422,0,0,507,1655,498,496,50.8,0,90,10,1769497184,5
0.000503,0,0,497,1623,488,487,49.8,0,91,10,1769497184,5
0.000435,0,0,492,1604,482,482,49.2,0,92,10,1769497184,5
0.000683,0,0,482,1568,472,472,48.2,0,93,10,1769497184,5
0.000402,0,0,472,1531,462,462,47.2,0,94,10,1769497184,5
0.00053,0,0,462,1498,452,452,46.2,0,95,10,1769497184,5
0.001341,0,0,438,1412,428,428,43.8,0,96,10,1769497184,5
0.001187,0,0,470,1507,460,460,47,0,97,10,1769497184,5
0.00126,1,2,566,1812,451,451,46.1,1,98,10,1769497184,5
0.000888,2,4,659,2110,442,440,45.2,1,99,10,1769497184,5
0.000347,0,0,459,1471,448,446,45.8,0,100,10,1769497184,5
0.000472,0,0,449,1440,438,436,44.8,0,101,10,1769497184,5
0.000516,0,0,464,1491,453,451,46.3,0,102,10,1769497184,5
0.000597,0,0,489,1572,479,479,48.9,0,103,10,1769497184,5
0.000454,0,0,489,1565,479,479,48.9,0,104,10,1769497184,5
0.000404,0,0,479,1531,469,469,47.9,0,105,10,1769497184,5
0.000372,0,0,469,1501,459,459,46.9,0,106,10,1769497184,5
0.000383,0,0,459,1470,449,449,45.9,0,107,10,1769497184,5
0.001041,0,0,475,1523,465,465,47.5,0,108,10,1769497184,5
0.001283,0,0,465,1485,455,455,46.5,0,109,10,1769497184,5
0.000383,0,0,501,1605,491,491,50.1,0,110,10,1769497184,5
0.000965,0,0,491,1575,481,481,49.1,0,111,10,1769497184,5
0.001464,1,2,591,1899,488,488,49.8,1,112,10,1769497184,5
0.00036,0,0,499,1597,489,489,49.9,0,113,10,1769497184,5
0.000389,0,0,489,1566,479,479,48.9,0,114,10,1769497184,5
0.001094,0,0,523,1677,513,513,52.3,0,115,10,1769497184,5
0.000781,0,0,529,1698,519,519,52.9,0,116,10,1769497184,5
0.000695,0,0,519,1661,509,509,51.9,0,117,10,1769497184,5
0.00175,0,0,509,1629,499,499,50.9,0,118,10,1769497184,5
0.000678,0,0,499,1596,489,489,49.9,0,119,10,1769497184,5
0.000695,0,0,489,1563,479,479,48.9,0,120,10,1769497184,5
0.001331,0,0,500,1601,490,490,50,0,121,10,1769497184,5
0.000636,0,0,500,1602,490,490,50,0,122,10,1769497184,5
0.001256,0,0,504,1614,494,494,50.4,0,123,10,1769497184,5
0.001235,0,0,513,1643,503,503,51.3,0,124,10,1769497184,5
0.001273,0,0,528,1691,518,518,52.8,0,125,10,1769497184,5
0.001027,0,0,486,1555,476,476,48.6,0,126,10,1769497184,5
0.001004,0,0,492,1577,482,482,49.2,0,127,10,1769497184,5
0.00109,0,0,504,1617,494,494,50.4,0,128,10,1769497184,5
0.000796,0,0,495,1582,485,485,49.5,0,129,10,1769497184,5
0.000582,0,0,522,1668,512,512,52.2,0,130,10,1769497184,5
0.001772,0,0,512,1633,502,502,51.2,0,131,10,1769497184,5
0.001453,0,0,516,1648,506,506,51.6,0,132,10,1769497184,5
0.002201,1,2,625,1994,496,496,50.6,1,133,10,1769497184,5
0.000626,1,2,610,1946,485,484,49.5,1,134,10,1769497184,5
0.001007,0,0,513,1639,502,500,51.2,0,135,10,1769497184,5
0.000684,0,0,503,1612,492,490,50.2,0,136,10,1769497184,5
0.000549,0,0,493,1578,482,480,49.2,0,137,10,1769497184,5
0.000871,0,0,493,1582,483,483,49.3,0,138,10,1769497184,5
0.000635,0,0,555,1797,545,545,55.5,0,139,10,1769497184,5
0.00154,0,0,545,1767,535,535,54.5,0,140,10,1769497184,5
0.000432,0,0,535,1734,525,525,53.5,0,141,10,1769497184,5
0.000484,0,0,525,1703,515,515,52.5,0,142,10,1769497184,5
0.001233,0,0,515,1670,505,505,51.5,0,143,10,1769497184,5
0.000594,0,0,513,1662,503,503,51.3,0,144,10,1769497184,5
0.001205,0,0,493,1595,483,483,49.3,0,145,10,1769497184,5
0.0012,0,0,483,1564,473,473,48.3,0,146,10,1769497184,5
0.000764,0,0,473,1530,463,463,47.3,0,147,10,1769497184,5
0.001086,0,0,517,1690,507,507,51.7,0,148,10,1769497184,5
0.001548,0,0,515,1687,505,505,51.5,0,149,10,1769497184,5
0.001073,0,0,513,1681,503,503,51.3,0,150,10,1769497184,5
0.001243,0,0,495,1621,485,485,49.5,0,151,10,1769497184,5
0.000875,0,0,485,1586,475,475,48.5,0,152,10,1769497184,5
0.000708,0,0,475,1554,465,465,47.5,0,153,10,1769497184,5
0.001127,0,0,475,1560,465,465,47.5,0,154,10,1769497184,5
0.001226,0,0,486,1593,476,476,48.6,0,155,10,1769497184,5
0.000505,0,0,472,1546,462,462,47.2,0,156,10,1769497184,5
0.001219,0,0,472,1544,462,462,47.2,0,157,10,1769497184,5
0.001197,0,0,480,1574,470,470,48,0,158,10,1769497184,5
0.001197,0,0,468,1535,458,458,46.8,0,159,10,1769497184,5
0.000472,0,0,476,1556,466,466,47.6,0,160,10,1769497184,5
0.001343,0,0,466,1525,456,456,46.6,0,161,10,1769497184,5
0.001697,2,4,659,2148,448,447,45.8,2,162,10,1769497184,5
0.001902,1,2,571,1849,454,452,46.4,1,163,10,1769497184,5
0.001285,0,0,470,1533,460,458,47,0,164,10,1769497184,5
0.000413,0,0,456,1486,447,445,45.7,0,165,10,1769497184,5
0.001049,0,0,441,1430,433,431,44.3,0,166,10,1769497184,5
0.001234,0,0,465,1511,455,455,46.5,0,167,10,1769497184,5
0.001341,0,0,463,1503,453,453,46.3,0,168,10,1769497184,5
0.001304,0,0,444,1440,434,434,44.4,0,169,10,1769497184,5
0.001174,0,0,414,1336,404,404,41.4,0,170,10,1769497184,5
0.000738,0,0,416,1344,406,406,41.6,0,171,10,1769497184,5
0.001354,0,0,431,1393,421,421,43.1,0,172,10,1769497184,5
0.001176,0,0,395,1269,385,385,39.5,0,173,10,1769497184,5
0.000927,0,0,392,1267,382,382,39.2,0,174,10,1769497184,5
0.000315,0,0,381,1226,371,371,38.1,0,175,10,1769497184,5
0.001012,0,0,409,1317,399,399,40.9,0,176,10,1769497184,5
0.001,0,0,438,1415,428,428,43.8,0,177,10,1769497184,5
0.000492,1,2,541,1744,460,460,47,1,178,10,1769497184,5
0.001208,1,2,526,1701,448,446,45.8,1,179,10,1769497184,5
0.001046,0,0,444,1439,434,432,44.4,0,180,10,1769497184,5
0.001344,0,0,493,1595,483,483,49.3,0,181,10,1769497184,5
0.001314,0,0,472,1525,462,462,47.2,0,182,10,1769497184,5
0.000649,0,0,521,1688,511,507,52.1,0,183,10,1769497184,5
0.000743,0,0,511,1659,501,499,51.1,0,184,10,1769497184,5
0.000536,0,0,501,1628,491,491,50.1,0,185,10,1769497184,5
0.001036,0,0,503,1632,493,493,50.3,0,186,10,1769497184,5
0.000564,0,0,493,1599,483,483,49.3,0,187,10,1769497184,5
0.000411,0,0,483,1568,473,473,48.3,0,188,10,1769497184,5
0.000418,0,0,495,1603,485,485,49.5,0,189,10,1769497184,5
0.000424,0,0,505,1632,495,495,50.5,0,190,10,1769497184,5
0.000724,2,4,658,2134,491,490,50.1,1,191,10,1769497184,5
0.001626,1,2,567,1847,479,477,48.9,1,192,10,1769497184,5
0.000983,0,0,479,1558,469,467,47.9,0,193,10,1769497184,5
0.000466,0,0,469,1524,459,457,46.9,0,194,10,1769497184,5
0.000895,0,0,459,1489,449,447,45.9,0,195,10,1769497184,5
0.000364,0,0,449,1461,439,439,44.9,0,196,10,1769497184,5
0.000528,0,0,455,1482,445,445,45.5,0,197,10,1769497184,5
0.001173,1,2,535,1741,436,436,44.6,1,198,10,1769497184,5
0.000993,2,4,693,2232,499,496,50.9,1,199,10,1769497184,5
0.002668,3,6,815,2622,491,487,50.1,3,200,10,1769497184,5
0.001136,2,4,672,2178,474,467,48.4,1,201,10,1769497184,5
0.000399,0,0,479,1551,464,457,47.4,0,202,10,1769497184,5
0.000637,0,0,465,1507,454,449,46.4,0,203,10,1769497184,5
0.000877,0,0,452,1470,444,441,45.4,0,204,10,1769497184,5
0.001056,0,0,443,1433,434,433,44.4,0,205,10,1769497184,5
0.001126,0,0,434,1405,424,424,43.4,0,206,10,1769497184,5
0.001422,0,0,456,1486,446,446,45.6,0,207,10,1769497184,5
0.001268,0,0,446,1451,436,436,44.6,0,208,10,1769497184,5
0.00137,0,0,474,1543,464,464,47.4,0,209,10,1769497184,5
0.000766,0,0,464,1511,454,454,46.4,0,210,10,1769497184,5
0.001208,0,0,480,1561,470,470,48,0,211,10,1769497184,5
0.001223,0,0,470,1529,460,460,47,0,212,10,1769497184,5
0.00081,0,0,482,1565,472,472,48.2,0,213,10,1769497184,5
0.001541,0,0,576,1873,566,566,57.6,0,214,10,1769497184,5
0.001572,0,0,566,1840,556,556,56.6,0,215,10,1769497184,5
0.001711,0,0,556,1808,546,546,55.6,0,216,10,1769497184,5
0.001434,3,6,959,3135,538,537,54.8,2,217,10,1769497184,5
0.001939,1,2,697,2274,536,534,54.6,1,218,10,1769497184,5
0.00053,0,0,608,1987,597,595,60.7,0,219,10,1769497184,5
0.001639,0,0,615,2007,604,602,61.4,0,220,10,1769497184,5
0.001337,0,0,604,1965,594,592,60.4,0,221,10,1769497184,5
0.001902,0,0,594,1931,584,584,59.4,0,222,10,1769497184,5
0.000627,0,0,563,1827,553,553,56.3,0,223,10,1769497184,5
0.001466,0,0,553,1792,543,543,55.3,0,224,10,1769497184,5
0.002127,0,0,543,1760,533,533,54.3,0,225,10,1769497184,5
0.000452,0,0,533,1729,523,523,53.3,0,226,10,1769497184,5
0.000483,0,0,545,1765,535,535,54.5,0,227,10,1769497184,5
0.001176,0,0,534,1731,524,524,53.4,0,228,10,1769497184,5
0.001699,0,0,544,1760,534,534,54.4,0,229,10,1769497184,5
0.001569,0,0,533,1730,523,523,53.3,0,230,10,1769497184,5
0.001565,0,0,523,1695,513,513,52.3,0,231,10,1769497184,5
0.001437,0,0,513,1661,503,503,51.3,0,232,10,1769497184,5
0.001569,0,0,507,1638,497,497,50.7,0,233,10,1769497184,5
0.001376,0,0,497,1602,487,487,49.7,0,234,10,1769497184,5
0.001347,0,0,499,1606,489,489,49.9,0,235,10,1769497184,5
0.001236,0,0,489,1573,479,479,48.9,0,236,10,1769497184,5
0.001053,0,0,503,1620,493,493,50.3,0,237,10,1769497184,5
0.00141,1,2,624,2015,492,492,50.2,1,238,10,1769497184,5
0.000556,0,0,504,1626,495,494,50.5,0,239,10,1769497184,5
0.001277,0,0,489,1578,480,479,49,0,240,10,1769497184,5
0.001633,0,0,518,1679,509,508,51.9,0,241,10,1769497184,5
0.001143,0,0,510,1652,501,500,51.1,0,242,10,1769497184,5
0.000471,0,0,501,1623,491,491,50.1,0,243,10,1769497184,5
0.001096,0,0,491,1588,481,481,49.1,0,244,10,1769497184,5
0.001411,1,2,582,1882,472,472,48.2,1,245,10,1769497184,5
0.000855,2,4,685,2201,466,463,47.6,1,246,10,1769497184,5
0.000956,0,0,471,1518,456,453,46.6,0,247,10,1769497184,5
0.00101,0,0,465,1501,452,449,46.2,0,248,10,1769497184,5
0.001231,0,0,451,1463,442,440,45.2,0,249,10,1769497184,5
0.001138,0,0,441,1427,432,431,44.2,0,250,10,1769497184,5
0.001117,0,0,440,1422,430,430,44,0,251,10,1769497184,5
0.001177,0,0,488,1579,478,478,48.8,0,252,10,1769497184,5
0.001432,0,0,478,1546,468,468,47.8,0,253,10,1769497184,5
0.000682,0,0,468,1514,458,458,46.8,0,254,10,1769497184,5
0.001366,0,0,507,1639,497,497,50.7,0,255,10,1769497184,5
0.001335,0,0,513,1660,503,503,51.3,0,256,10,1769497184,5
0.001328,0,0,503,1630,493,493,50.3,0,257,10,1769497184,5
0.00067,0,0,493,1599,483,483,49.3,0,258,10,1769497184,5
0.001319,0,0,483,1567,473,473,48.3,0,259,10,1769497184,5
0.001839,0,0,502,1623,492,492,50.2,0,260,10,1769497184,5
0.000901,0,0,492,1595,482,482,49.2,0,261,10,1769497184,5
0.001462,0,0,482,1563,472,472,48.2,0,262,10,1769497184,5
0.001819,0,0,500,1630,490,490,50,0,263,10,1769497184,5
0.001338,0,0,483,1568,473,473,48.3,0,264,10,1769497184,5
0.00157,1,2,603,1957,482,482,49.2,1,265,10,1769497184,5
0.000698,0,0,481,1558,472,471,48.2,0,266,10,1769497184,5
0.001299,0,0,496,1606,487,486,49.7,0,267,10,1769497184,5
0.000707,0,0,486,1573,477,476,48.7,0,268,10,1769497184,5
0.001553,0,0,476,1539,467,466,47.7,0,269,10,1769497184,5
0.000391,0,0,467,1506,457,457,46.7,0,270,10,1769497184,5
0.000638,1,2,536,1729,449,449,45.9,1,271,10,1769497184,5
0.001013,1,2,532,1716,448,447,45.8,1,272,10,1769497184,5
0.000945,0,0,450,1448,439,437,44.9,0,273,10,1769497184,5
0.000917,0,0,440,1417,429,427,43.9,0,274,10,1769497184,5
0.000473,0,0,430,1388,419,417,42.9,0,275,10,1769497184,5
0.001379,0,0,437,1406,427,427,43.7,0,276,10,1769497184,5
0.001657,1,2,539,1744,440,440,45,1,277,10,1769497184,5
0.001043,0,0,476,1550,466,466,47.6,0,278,10,1769497184,5
0.000564,0,0,467,1518,457,457,46.7,0,279,10,1769497184,5
0.000745,0,0,470,1525,460,460,47,0,280,10,1769497184,5
0.001463,0,0,488,1583,478,478,48.8,0,281,10,1769497184,5
0.001311,0,0,479,1549,469,469,47.9,0,282,10,1769497184,5
0.001709,1,2,550,1777,470,470,48,1,283,10,1769497184,5
0.002088,2,4,630,2010,468,465,47.8,1,284,10,1769497184,5
0.000531,0,0,498,1604,483,480,49.3,0,285,10,1769497184,5
0.001494,0,0,530,1708,517,514,52.7,0,286,10,1769497184,5
0.000766,0,0,545,1758,536,534,54.6,0,287,10,1769497184,5
0.001481,0,0,538,1736,529,528,53.9,0,288,10,1769497184,5
0.00182,2,4,774,2502,521,520,53.1,1,289,10,1769497184,5
0.000691,2,4,758,2453,521,518,53.1,1,290,10,1769497184,5
0.00082,2,4,769,2462,513,507,52.3,1,291,10,1769497184,5
0.000734,2,4,802,2596,524,517,53.4,2,292,10,1769497184,5
0.000516,0,0,576,1866,558,551,56.8,0,293,10,1769497184,5
0.000944,0,0,630,2048,620,617,63,0,294,10,1769497184,5
0.00053,0,0,603,1955,594,592,60.4,0,295,10,1769497184,5
0.000465,0,0,546,1759,537,536,54.7,0,296,10,1769497184,5
0.000551,0,0,575,1870,565,565,57.5,0,297,10,1769497184,5
0.000434,0,0,543,1744,533,533,54.3,0,298,10,1769497184,5
0.000525,0,0,549,1766,539,539,54.9,0,299,10,1769497184,5
0.000459,0,0,549,1759,539,539,54.9,0,300,10,1769497184,5
0.000418,0,0,530,1699,520,520,53,0,301,10,1769497184,5
0.000424,0,0,534,1720,524,524,53.4,0,302,10,1769497184,5
0.000428,0,0,522,1678,512,512,52.2,0,303,10,1769497184,5
0.001003,0,0,532,1705,522,522,53.2,0,304,10,1769497184,5
0.000531,0,0,544,1744,534,534,54.4,0,305,10,1769497184,5
0.000568,0,0,542,1739,532,532,54.2,0,306,10,1769497184,5
0.001274,0,0,564,1818,554,554,56.4,0,307,10,1769497184,5
0.000642,0,0,551,1777,541,541,55.1,0,308,10,1769497184,5
0.000442,0,0,592,1912,582,582,59.2,0,309,10,1769497184,5
0.001207,0,0,582,1880,572,572,58.2,0,310,10,1769497184,5
0.001666,0,0,584,1882,574,574,58.4,0,311,10,1769497184,5
0.001407,0,0,596,1922,586,586,59.6,0,312,10,1769497184,5
0.001292,1,2,684,2216,556,556,56.6,1,313,10,1769497184,5
0.001577,2,4,791,2575,547,545,55.7,1,314,10,1769497184,5
0.001219,1,2,667,2159,538,536,54.8,1,315,10,1769497184,5
0.00169,1,2,688,2231,559,554,56.9,1,316,10,1769497184,5
0.001759,1,2,674,2157,532,525,54.2,1,317,10,1769497184,5
0.000752,0,0,565,1814,544,537,55.4,0,318,10,1769497184,5
0.000985,0,0,547,1766,534,531,54.4,0,319,10,1769497184,5
0.000938,0,0,576,1873,567,565,57.7,0,320,10,1769497184,5
0.001498,0,0,564,1823,555,554,56.5,0,321,10,1769497184,5
0.00085,0,0,555,1796,545,545,55.5,0,322,10,1769497184,5
0.000775,0,0,545,1759,535,535,54.5,0,323,10,1769497184,5
0.0018,1,2,639,2058,526,526,53.6,1,324,10,1769497184,5
0.001659,2,4,733,2357,517,515,52.7,1,325,10,1769497184,5
0.000838,0,0,554,1794,542,540,55.2,0,326,10,1769497184,5
0.001325,0,0,544,1761,532,530,54.2,0,327,10,1769497184,5
0.00102,0,0,534,1727,522,520,53.2,0,328,10,1769497184,5
0.001388,0,0,522,1686,512,512,52.2,0,329,10,1769497184,5
0.001297,0,0,583,1895,573,573,58.3,0,330,10,1769497184,5
0.00117,0,0,573,1862,563,563,57.3,0,331,10,1769497184,5
0.001437,0,0,607,1989,597,597,60.7,0,332,10,1769497184,5
0.001574,0,0,645,2094,619,619,62.9,0,333,10,1769497184,5
0.001161,0,0,627,2053,609,609,61.9,0,334,10,1769497184,5
0.001844,0,0,609,2002,599,599,60.9,0,335,10,1769497184,5
0.001218,0,0,599,1971,589,589,59.9,0,336,10,1769497184,5
0.000724,0,0,603,1980,593,593,60.3,0,337,10,1769497184,5
0.001759,0,0,643,2112,633,633,64.3,0,338,10,1769497184,5
0.00153,0,0,657,2152,647,647,65.7,0,339,10,1769497184,5
0.001152,0,0,647,2122,637,637,64.7,0,340,10,1769497184,5
0.001583,0,0,663,2171,653,653,66.3,0,341,10,1769497184,5
0.00207,1,2,781,2564,625,625,63.5,1,342,10,1769497184,5
0.000802,2,4,927,3053,626,624,63.6,1,343,10,1769497184,5
0.001419,0,0,623,2050,612,610,62.2,0,344,10,1769497184,5
0.001804,0,0,636,2093,625,623,63.5,0,345,10,1769497184,5
0.001588,0,0,623,2047,612,610,62.2,0,346,10,1769497184,5
0.001693,0,0,612,2007,602,602,61.2,0,347,10,1769497184,5
0.000483,0,0,602,1973,592,592,60.2,0,348,10,1769497184,5
0.001216,0,0,592,1939,582,582,59.2,0,349,10,1769497184,5
0.001621,0,0,582,1905,572,572,58.2,0,350,10,1769497184,5
0.000736,0,0,560,1831,550,550,56,0,351,10,1769497184,5
0.001668,0,0,586,1912,576,576,58.6,0,352,10,1769497184,5
0.000707,0,0,576,1879,566,566,57.6,0,353,10,1769497184,5
0.000593,1,2,708,2301,564,564,57.4,1,354,10,1769497184,5
0.001165,1,2,721,2346,578,576,58.8,1,355,10,1769497184,5
0.00096,0,0,578,1884,568,566,57.8,0,356,10,1769497184,5
0.001634,0,0,588,1921,578,576,58.8,0,357,10,1769497184,5
0.001594,0,0,630,2058,620,618,63,0,358,10,1769497184,5
0.001483,0,0,616,2012,606,606,61.6,0,359,10,1769497184,5
0.001323,0,0,614,2002,604,604,61.4,0,360,10,1769497184,5
0.001924,0,0,594,1932,584,584,59.4,0,361,10,1769497184,5
0.001094,0,0,584,1898,574,574,58.4,0,362,10,1769497184,5
0.002115,1,2,738,2411,600,600,61,1,363,10,1769497184,5
0.002208,3,6,908,2958,594,591,60.4,2,364,10,1769497184,5
0.000605,1,2,682,2218,584,580,59.4,1,365,10,1769497184,5
0.00169,0,0,584,1903,574,570,58.4,0,366,10,1769497184,5
0.001133,0,0,574,1870,564,560,57.4,0,367,10,1769497184,5
0.001223,0,0,570,1854,560,558,57,0,368,10,1769497184,5
0.000831,0,0,554,1806,544,544,55.4,0,369,10,1769497184,5
0.001566,0,0,562,1831,552,552,56.2,0,370,10,1769497184,5
0.000676,0,0,559,1814,544,544,55.4,0,371,10,1769497184,5
0.001679,1,2,675,2158,520,520,53,1,372,10,1769497184,5
0.001549,0,0,545,1753,524,524,53.4,0,373,10,1769497184,5
0.001258,0,0,521,1676,500,500,51,0,374,10,1769497184,5
0.001715,0,0,543,1746,522,522,53.2,0,375,10,1769497184,5
0.00146,0,0,558,1814,548,548,55.8,0,376,10,1769497184,5
0.001439,2,4,804,2605,518,517,52.8,1,377,10,1769497184,5
0.00179,1,2,669,2169,522,520,53.2,1,378,10,1769497184,5
0.001023,0,0,536,1735,526,524,53.6,0,379,10,1769497184,5
0.001516,0,0,540,1725,508,504,51.8,0,380,10,1769497184,5
0.001405,1,2,611,1950,486,482,49.6,1,381,10,1769497184,5
0.002153,2,4,712,2257,482,479,49.2,1,382,10,1769497184,5
0.001288,0,0,488,1584,472,469,48.2,0,383,10,1769497184,5
0.00117,0,0,479,1556,462,460,47.2,0,384,10,1769497184,5
0.000615,0,0,463,1497,446,444,45.6,0,385,10,1769497184,5
0.001025,0,0,461,1478,446,446,45.6,0,386,10,1769497184,5
0.001129,0,0,489,1573,474,474,48.4,0,387,10,1769497184,5
0.001768,0,0,536,1745,524,524,53.4,0,388,10,1769497184,5
0.000649,0,0,526,1710,514,514,52.4,0,389,10,1769497184,5
0.000832,0,0,576,1879,564,564,57.4,0,390,10,1769497184,5
0.000851,0,0,603,1961,592,592,60.2,0,391,10,1769497184,5
0.00127,0,0,592,1928,582,582,59.2,0,392,10,1769497184,5
0.000471,0,0,543,1769,533,533,54.3,0,393,10,1769497184,5
0.000495,0,0,556,1809,546,546,55.6,0,394,10,1769497184,5
0.00054,0,0,554,1806,544,544,55.4,0,395,10,1769497184,5
0.000442,0,0,544,1769,534,534,54.4,0,396,10,1769497184,5
0.001227,0,0,534,1733,524,524,53.4,0,397,10,1769497184,5
0.000609,0,0,524,1704,514,514,52.4,0,398,10,1769497184,5
0.000792,0,0,514,1673,504,504,51.4,0,399,10,1769497184,5
0.000554,0,0,506,1641,496,496,50.6,0,400,10,1769497184,5
0.001295,0,0,498,1615,488,488,49.8,0,401,10,1769497184,5
0.000435,0,0,494,1606,484,484,49.4,0,402,10,1769497184,5
0.001088,0,0,486,1577,476,476,48.6,0,403,10,1769497184,5
0.001012,0,0,477,1549,467,467,47.7,0,404,10,1769497184,5
0.001042,0,0,487,1580,477,477,48.7,0,405,10,1769497184,5
0.001544,0,0,477,1550,467,467,47.7,0,406,10,1769497184,5
0.001021,0,0,523,1698,513,513,52.3,0,407,10,1769497184,5
0.001308,0,0,537,1733,527,527,53.7,0,408,10,1769497184,5
0.000874,0,0,521,1680,511,511,52.1,0,409,10,1769497184,5
0.000524,0,0,537,1738,527,527,53.7,0,410,10,1769497184,5
0.001792,2,4,786,2563,521,520,53.1,1,411,10,1769497184,5
0.001651,1,2,658,2143,520,518,53,1,412,10,1769497184,5
0.000461,0,0,523,1694,512,510,52.2,0,413,10,1769497184,5
0.001497,0,0,513,1662,502,500,51.2,0,414,10,1769497184,5
0.000787,0,0,507,1638,496,494,50.6,0,415,10,1769497184,5
0.00123,0,0,496,1603,486,486,49.6,0,416,10,1769497184,5
0.001287,0,0,512,1650,502,502,51.2,0,417,10,1769497184,5
0.001063,0,0,548,1778,538,538,54.8,0,418,10,1769497184,5
0.000384,0,0,540,1753,530,530,54,0,419,10,1769497184,5
0.00091,1,2,656,2126,522,522,53.2,1,420,10,1769497184,5
0.001387,0,0,545,1762,536,535,54.6,0,421,10,1769497184,5
0.000516,0,0,535,1730,526,525,53.6,0,422,10,1769497184,5
0.001549,0,0,527,1705,518,517,52.8,0,423,10,1769497184,5
0.000447,0,0,519,1674,510,509,52,0,424,10,1769497184,5
0.000675,0,0,508,1637,498,498,50.8,0,425,10,1769497184,5
0.00082,0,0,534,1725,524,524,53.4,0,426,10,1769497184,5
0.00083,0,0,526,1698,516,516,52.6,0,427,10,1769497184,5
0.001222,0,0,516,1668,506,506,51.6,0,428,10,1769497184,5
0.001147,0,0,516,1666,506,506,51.6,0,429,10,1769497184,5
0.001727,1,2,616,1986,505,505,51.5,1,430,10,1769497184,5
0.001148,2,4,718,2316,508,506,51.8,1,431,10,1769497184,5
0.000875,1,2,620,2024,538,536,54.8,1,432,10,1769497184,5
0.001305,1,2,604,1972,525,522,53.5,1,433,10,1769497184,5
0.001886,0,0,505,1637,494,490,50.4,0,434,10,1769497184,5
0.000637,0,0,526,1703,515,513,52.5,0,435,10,1769497184,5
0.000659,0,0,516,1671,505,503,51.5,0,436,10,1769497184,5
0.001194,0,0,518,1674,508,508,51.8,0,437,10,1769497184,5
0.001216,1,2,584,1880,498,498,50.8,1,438,10,1769497184,5
0.000654,1,2,577,1854,490,490,50,1,439,10,1769497184,5
0.000487,0,0,491,1584,480,480,49,0,440,10,1769497184,5
0.002877,0,0,483,1554,472,472,48.2,0,441,10,1769497184,5
0.000805,0,0,461,1477,451,451,46.1,0,442,10,1769497184,5
0.000522,0,0,471,1513,461,461,47.1,0,443,10,1769497184,5
0.001012,0,0,461,1478,451,451,46.1,0,444,10,1769497184,5
0.00087,0,0,453,1451,443,443,45.3,0,445,10,1769497184,5
0.000573,0,0,443,1416,433,433,44.3,0,446,10,1769497184,5
0.001417,0,0,511,1647,501,501,51.1,0,447,10,1769497184,5
0.00185,1,2,673,2164,492,492,50.2,1,448,10,1769497184,5
0.000997,0,0,491,1581,481,481,49.1,0,449,10,1769497184,5
0.001101,0,0,481,1551,471,471,48.1,0,450,10,1769497184,5
0.000645,0,0,493,1594,483,483,49.3,0,451,10,1769497184,5
0.001191,0,0,487,1570,477,477,48.7,0,452,10,1769497184,5
0.000961,0,0,491,1583,481,481,49.1,0,453,10,1769497184,5
0.001148,0,0,489,1576,479,479,48.9,0,454,10,1769497184,5
0.001253,0,0,481,1550,471,471,48.1,0,455,10,1769497184,5
0.000784,0,0,471,1519,461,461,47.1,0,456,10,1769497184,5
0.00145,0,0,475,1533,466,465,47.6,0,457,10,1769497184,5
0.001306,1,2,628,2047,470,469,48,1,458,10,1769497184,5
0.000836,0,0,471,1525,462,461,47.2,0,459,10,1769497184,5
0.0013,0,0,487,1571,476,471,48.6,0,460,10,1769497184,5
0.001143,0,0,476,1539,468,465,47.8,0,461,10,1769497184,5
0.001237,0,0,474,1522,466,464,47.6,0,462,10,1769497184,5
0.000616,0,0,456,1457,446,446,45.6,0,463,10,1769497184,5
0.000407,0,0,496,1597,486,486,49.6,0,464,10,1769497184,5
0.000897,0,0,476,1530,466,466,47.6,0,465,10,1769497184,5
0.000846,0,0,466,1497,456,456,46.6,0,466,10,1769497184,5
0.000989,1,2,539,1737,448,448,45.8,1,467,10,1769497184,5
0.000407,0,0,448,1444,438,438,44.8,0,468,10,1769497184,5
0.001282,0,0,462,1484,451,451,46.1,0,469,10,1769497184,5
0.000644,0,0,603,2003,593,593,60.3,0,0,10,1769497431,5
0.00062,0,0,593,1965,583,583,59.3,0,1,10,1769497431,5
0.00049,0,0,583,1927,573,573,58.3,0,2,10,1769497431,5
0.002075,0,0,573,1887,563,563,57.3,0,3,10,1769497431,5
0.001706,0,0,563,1844,553,553,56.3,0,4,10,1769497431,5
0.000735,0,0,553,1804,543,543,55.3,0,5,10,1769497431,5
0.000635,0,0,543,1767,533,533,54.3,0,6,10,1769497431,5
0.000445,0,0,518,1680,508,508,51.8,0,7,10,1769497431,5
0.00116,0,0,508,1644,498,498,50.8,0,8,10,1769497431,5
0.000712,0,0,527,1711,517,517,52.7,0,9,10,1769497431,5
0.000803,0,0,533,1737,523,523,53.3,0,10,10,1769497431,5
0.000788,0,0,523,1704,513,513,52.3,0,11,10,1769497431,5
0.001308,0,0,513,1671,503,503,51.3,0,12,10,1769497431,5
0.001486,0,0,503,1640,493,493,50.3,0,13,10,1769497431,5
0.000425,0,0,493,1607,483,483,49.3,0,14,10,1769497431,5
0.001159,0,0,487,1588,477,477,48.7,0,15,10,1769497431,5
0.000406,0,0,502,1636,492,492,50.2,0,16,10,1769497431,5
0.001012,0,0,492,1605,482,482,49.2,0,17,10,1769497431,5
0.000478,0,0,494,1613,484,484,49.4,0,18,10,1769497431,5
0.000643,0,0,484,1580,474,474,48.4,0,19,10,1769497431,5
0.00083,0,0,474,1546,464,464,47.4,0,20,10,1769497431,5
0.000398,0,0,464,1513,454,454,46.4,0,21,10,1769497431,5
0.000712,0,0,454,1483,444,444,45.4,0,22,10,1769497431,5
0.000728,0,0,479,1562,469,469,47.9,0,23,10,1769497431,5
0.000462,0,0,485,1586,475,475,48.5,0,24,10,1769497431,5
0.000609,0,0,505,1650,495,495,50.5,0,25,10,1769497431,5
0.000863,0,0,495,1615,485,485,49.5,0,26,10,1769497431,5
0.000455,0,0,486,1583,476,476,48.6,0,27,10,1769497431,5
0.000876,0,0,488,1591,478,478,48.8,0,28,10,1769497431,5
0.001445,0,0,496,1623,486,486,49.6,0,29,10,1769497431,5
0.001653,0,0,486,1588,476,476,48.6,0,30,10,1769497431,5
0.000729,1,2,593,1932,477,477,48.7,1,31,10,1769497431,5
0.000899,1,2,602,1968,486,484,49.6,1,32,10,1769497431,5
0.001378,0,0,487,1596,476,474,48.6,0,33,10,1769497431,5
0.000399,0,0,477,1563,466,464,47.6,0,34,10,1769497431,5
0.000539,0,0,483,1585,472,470,48.2,0,35,10,1769497431,5
0.000574,0,0,480,1568,470,470,48,0,36,10,1769497431,5
0.000681,0,0,470,1537,460,460,47,0,37,10,1769497431,5
0.000399,0,0,480,1570,470,470,48,0,38,10,1769497431,5
0.000871,0,0,470,1535,460,460,47,0,39,10,1769497431,5
0.000652,0,0,468,1531,458,458,46.8,0,40,10,1769497431,5
0.000495,1,2,562,1847,460,460,47,1,41,10,1769497431,5
0.001068,1,2,530,1740,450,450,46,1,42,10,1769497431,5
0.000451,0,0,450,1474,440,440,45,0,43,10,1769497431,5
0.001357,0,0,473,1549,462,460,47.2,0,44,10,1769497431,5
0.000439,1,2,548,1804,453,453,46.3,1,45,10,1769497431,5
0.002051,2,4,623,2048,444,442,45.4,1,46,10,1769497431,5
0.001419,0,0,445,1448,434,432,44.4,0,47,10,1769497431,5
0.000715,0,0,439,1428,428,426,43.8,0,48,10,1769497431,5
0.00076,2,4,634,2062,452,449,46.2,2,49,10,1769497431,5
0.001326,5,10,1081,3457,512,506,52.2,2,50,10,1769497431,5
0.001066,2,4,824,2602,504,496,51.4,1,51,10,1769497431,5
0.000771,3,6,822,2641,495,486,50.5,4,52,10,1769497431,5
0.000792,2,4,674,2177,472,462,48.2,2,53,10,1769497431,5
0.000623,2,4,718,2311,467,458,47.7,1,54,10,1769497431,5
0.000944,0,0,477,1553,459,451,46.9,0,55,10,1769497431,5
0.000895,1,2,598,1933,453,449,46.3,1,56,10,1769497431,5
0.00055,1,2,588,1896,445,441,45.5,1,57,10,1769497431,5
0.000487,0,0,469,1519,453,449,46.3,0,58,10,1769497431,5
0.001035,0,0,484,1572,470,467,48,0,59,10,1769497431,5
0.000395,0,0,497,1616,488,486,49.8,0,60,10,1769497431,5
0.000632,0,0,493,1599,484,483,49.4,0,61,10,1769497431,5
0.000787,2,4,757,2460,494,493,50.4,1,62,10,1769497431,5
0.001205,1,2,643,2096,506,504,51.6,1,63,10,1769497431,5
0.000973,0,0,507,1653,496,494,50.6,0,64,10,1769497431,5
0.001111,1,2,608,1982,487,485,49.7,1,65,10,1769497431,5
0.000895,3,6,792,2576,479,474,48.9,3,66,10,1769497431,5
0.001113,2,4,721,2319,471,466,48.1,2,67,10,1769497431,5
0.001073,1,2,622,1995,481,476,49.1,1,68,10,1769497431,5
0.00108,1,2,595,1939,471,467,48.1,1,69,10,1769497431,5
0.000464,0,0,487,1580,477,473,48.7,0,70,10,1769497431,5
0.001788,2,4,755,2424,506,503,51.6,1,71,10,1769497431,5
0.00091,1,2,644,2063,508,505,51.8,1,72,10,1769497431,5
0.000818,0,0,501,1616,491,491,50.1,0,73,10,1769497431,5
0.001313,0,0,491,1581,481,481,49.1,0,74,10,1769497431,5
0.000826,0,0,506,1627,496,496,50.6,0,75,10,1769497431,5
0.000682,1,2,594,1899,487,487,49.7,1,76,10,1769497431,5
0.000996,0,0,481,1544,472,471,48.2,0,77,10,1769497431,5
0.001252,0,0,492,1576,483,482,49.3,0,78,10,1769497431,5
0.000705,1,2,614,1974,491,490,50.1,1,79,10,1769497431,5
0.000669,1,2,659,2134,517,514,52.7,1,80,10,1769497431,5
0.000471,0,0,534,1727,523,521,53.3,0,81,10,1769497431,5
0.001332,0,0,507,1631,496,494,50.6,0,82,10,1769497431,5
0.00071,0,0,513,1656,502,500,51.2,0,83,10,1769497431,5
0.00048,0,0,486,1561,476,476,48.6,0,84,10,1769497431,5
0.001293,0,0,580,1872,570,570,58,0,85,10,1769497431,5
0.001125,0,0,570,1838,560,560,57,0,86,10,1769497431,5
0.001859,0,0,582,1878,572,572,58.2,0,87,10,1769497431,5
0.001844,0,0,588,1895,578,578,58.8,0,88,10,1769497431,5
0.001997,0,0,594,1923,584,584,59.4,0,89,10,1769497431,5
0.00182,0,0,604,1951,594,594,60.4,0,90,10,1769497431,5
0.000494,0,0,574,1856,564,564,57.4,0,91,10,1769497431,5
0.001816,0,0,584,1879,574,574,58.4,0,92,10,1769497431,5
0.000551,0,0,574,1841,564,564,57.4,0,93,10,1769497431,5
0.001415,0,0,538,1720,528,528,53.8,0,94,10,1769497431,5
0.00193,1,2,622,1982,513,513,52.3,1,95,10,1769497431,5
0.001462,0,0,513,1641,503,503,51.3,0,96,10,1769497431,5
0.00047,0,0,503,1610,493,493,50.3,0,97,10,1769497431,5
0.000943,0,0,513,1649,503,503,51.3,0,98,10,1769497431,5
0.001349,0,0,503,1613,493,493,50.3,0,99,10,1769497431,5
0.000948,0,0,493,1580,483,483,49.3,0,100,10,1769497431,5
0.00073,0,0,483,1546,473,473,48.3,0,101,10,1769497431,5
0.00115,0,0,496,1594,486,486,49.6,0,102,10,1769497431,5
0.000407,0,0,486,1557,476,476,48.6,0,103,10,1769497431,5
0.000725,0,0,530,1696,520,520,53,0,104,10,1769497431,5
0.000413,0,0,522,1670,512,512,52.2,0,105,10,1769497431,5
0.000621,0,0,512,1640,502,502,51.2,0,106,10,1769497431,5
0.000956,0,0,532,1705,522,522,53.2,0,107,10,1769497431,5
0.001439,0,0,522,1676,512,512,52.2,0,108,10,1769497431,5
0.001397,0,0,522,1676,512,512,52.2,0,109,10,1769497431,5
0.000816,0,0,512,1640,502,502,51.2,0,110,10,1769497431,5
0.00097,0,0,502,1606,492,492,50.2,0,111,10,1769497431,5
0.000387,0,0,492,1576,482,482,49.2,0,112,10,1769497431,5
0.000803,0,0,482,1546,472,472,48.2,0,113,10,1769497431,5
0.000932,0,0,508,1635,498,498,50.8,0,114,10,1769497431,5
0.001703,1,2,653,2099,521,521,53.1,1,115,10,1769497431,5
0.0018,2,4,765,2456,512,510,52.2,1,116,10,1769497431,5
0.000428,0,0,525,1693,514,512,52.4,0,117,10,1769497431,5
0.001719,1,2,650,2102,561,559,57.1,1,118,10,1769497431,5
0.001546,3,6,821,2635,546,541,55.6,2,119,10,1769497431,5
0.001841,3,6,830,2641,539,533,54.9,2,120,10,1769497431,5
0.000856,0,0,549,1767,530,523,54,0,121,10,1769497431,5
0.000901,1,2,632,2041,521,515,53.1,1,122,10,1769497431,5
0.001389,2,4,728,2333,513,506,52.3,1,123,10,1769497431,5
0.000732,0,0,533,1731,519,515,52.9,0,124,10,1769497431,5
0.001347,0,0,523,1696,510,507,52,0,125,10,1769497431,5
0.001256,0,0,509,1655,500,498,51,0,126,10,1769497431,5
0.001173,1,2,611,1968,533,532,54.3,1,127,10,1769497431,5
0.001917,2,4,671,2161,524,522,53.4,1,128,10,1769497431,5
0.001567,0,0,525,1693,514,512,52.4,0,129,10,1769497431,5
0.001652,0,0,515,1660,504,502,51.4,0,130,10,1769497431,5
0.001029,0,0,521,1684,510,508,52,0,131,10,1769497431,5
0.001537,0,0,510,1646,500,500,51,0,132,10,1769497431,5
0.001039,0,0,522,1687,512,512,52.2,0,133,10,1769497431,5
0.000495,0,0,528,1704,518,518,52.8,0,134,10,1769497431,5
0.00044,0,0,520,1680,510,510,52,0,135,10,1769497431,5
0.000855,0,0,561,1808,551,551,56.1,0,136,10,1769497431,5
0.001029,0,0,551,1776,541,541,55.1,0,137,10,1769497431,5
0.001626,0,0,548,1771,538,538,54.8,0,138,10,1769497431,5
0.001469,0,0,538,1741,528,528,53.8,0,139,10,1769497431,5
0.000853,0,0,518,1676,508,508,51.8,0,140,10,1769497431,5
0.00068,0,0,506,1637,496,496,50.6,0,141,10,1769497431,5
0.000536,1,2,629,2037,486,486,49.6,1,142,10,1769497431,5
0.000535,1,2,619,2010,479,478,48.9,1,143,10,1769497431,5
0.000809,0,0,481,1557,470,468,48,0,144,10,1769497431,5
0.00043,0,0,487,1578,476,474,48.6,0,145,10,1769497431,5
0.000413,0,0,497,1613,486,484,49.6,0,146,10,1769497431,5
0.000691,0,0,508,1651,498,498,50.8,0,147,10,1769497431,5
0.000968,0,0,498,1615,488,488,49.8,0,148,10,1769497431,5
0.000392,0,0,488,1580,478,478,48.8,0,149,10,1769497431,5
0.000628,0,0,481,1561,471,471,48.1,0,150,10,1769497431,5
0.00035,0,0,471,1527,461,461,47.1,0,151,10,1769497431,5
0.000372,0,0,461,1489,451,451,46.1,0,152,10,1769497431,5
0.000721,0,0,486,1568,476,476,48.6,0,153,10,1769497431,5
0.000425,0,0,476,1534,466,466,47.6,0,154,10,1769497431,5
0.000395,0,0,482,1553,472,472,48.2,0,155,10,1769497431,5
0.000547,0,0,472,1523,462,462,47.2,0,156,10,1769497431,5
0.000641,0,0,465,1503,455,455,46.5,0,157,10,1769497431,5
0.000798,0,0,461,1494,451,451,46.1,0,158,10,1769497431,5
0.000879,0,0,461,1489,451,451,46.1,0,159,10,1769497431,5
0.000329,0,0,453,1465,443,443,45.3,0,160,10,1769497431,5
0.000548,0,0,443,1433,433,433,44.3,0,161,10,1769497431,5
0.000426,0,0,475,1532,465,465,47.5,0,162,10,1769497431,5
0.000417,0,0,455,1471,445,445,45.5,0,163,10,1769497431,5
0.000836,0,0,445,1437,435,435,44.5,0,164,10,1769497431,5
0.000877,0,0,447,1441,437,437,44.7,0,165,10,1769497431,5
0.000538,0,0,443,1429,433,433,44.3,0,166,10,1769497431,5
0.000537,0,0,433,1398,423,423,43.3,0,167,10,1769497431,5
0.000632,1,2,530,1706,424,424,43.4,1,168,10,1769497431,5
0.001357,1,2,543,1768,450,449,46,2,169,10,1769497431,5
0.000782,2,4,652,2098,441,436,45.1,2,170,10,1769497431,5
0.000407,0,0,451,1455,437,432,44.7,0,171,10,1769497431,5
0.000367,0,0,439,1424,427,422,43.7,0,172,10,1769497431,5
0.000948,0,0,426,1380,417,413,42.7,0,173,10,1769497431,5
0.000514,0,0,416,1344,407,406,41.7,0,174,10,1769497431,5
0.000357,0,0,407,1316,397,397,40.7,0,175,10,1769497431,5
0.001096,0,0,439,1424,429,429,43.9,0,176,10,1769497431,5
0.000351,0,0,425,1377,415,415,42.5,0,177,10,1769497431,5
0.000757,0,0,415,1345,405,405,41.5,0,178,10,1769497431,5
0.001027,1,2,512,1665,434,434,44.4,1,179,10,1769497431,5
0.000632,2,4,588,1895,432,429,44.2,1,180,10,1769497431,5
0.001001,0,0,439,1417,422,419,43.2,0,181,10,1769497431,5
0.000627,0,0,422,1362,408,405,41.8,0,182,10,1769497431,5
0.000378,0,0,411,1339,402,400,41.2,0,183,10,1769497431,5
0.000481,0,0,434,1406,425,424,43.5,0,184,10,1769497431,5
0.000649,0,0,425,1376,415,415,42.5,0,185,10,1769497431,5
0.001238,0,0,455,1471,445,445,45.5,0,186,10,1769497431,5
0.00058,0,0,445,1436,435,435,44.5,0,187,10,1769497431,5
0.000519,0,0,410,1324,400,400,41,0,188,10,1769497431,5
0.000356,0,0,412,1328,402,402,41.2,0,189,10,1769497431,5
0.000403,0,0,412,1329,402,402,41.2,0,190,10,1769497431,5
0.00036,0,0,429,1381,419,419,42.9,0,191,10,1769497431,5
0.000336,0,0,419,1348,409,409,41.9,0,192,10,1769497431,5
0.000381,0,0,409,1314,399,399,40.9,0,193,10,1769497431,5
0.00066,0,0,414,1331,404,404,41.4,0,194,10,1769497431,5
0.000692,0,0,418,1341,408,408,41.8,0,195,10,1769497431,5
0.000375,0,0,408,1314,398,398,40.8,0,196,10,1769497431,5
0.000355,0,0,444,1439,434,434,44.4,0,197,10,1769497431,5
0.001269,0,0,459,1484,449,449,45.9,0,198,10,1769497431,5
0.000893,0,0,449,1449,439,439,44.9,0,199,10,1769497431,5
0.000822,0,0,663,2239,653,653,66.3,0,0,10,0,5
0.000565,0,0,653,2199,643,643,65.3,0,1,10,0,5
0.001037,0,0,630,2111,620,620,63,0,2,10,0,5
0.002559,1,2,736,2460,610,610,62,1,3,10,0,5
0.002187,0,0,610,2036,600,600,61,0,4,10,0,5
0.001358,0,0,594,1978,584,584,59.4,0,5,10,0,5
0.000564,1,2,709,2354,574,574,58.4,1,6,10,0,5
0.000438,0,0,574,1892,564,564,57.4,0,7,10,0,5
0.000421,0,0,566,1865,556,556,56.6,0,8,10,0,5
0.001091,0,0,564,1857,554,554,56.4,0,9,10,0,5
0.000672,0,0,558,1833,548,548,55.8,0,10,10,0,5
0.00039,0,0,548,1793,538,538,54.8,0,11,10,0,5
0.000511,0,0,570,1869,560,560,57,0,12,10,0,5
0.000646,0,0,580,1899,570,570,58,0,13,10,0,5
0.000654,0,0,570,1868,560,560,57,0,14,10,0,5
0.001611,0,0,560,1835,550,550,56,0,15,10,0,5
0.000614,0,0,550,1799,540,540,55,0,16,10,0,5
0.001323,0,0,540,1765,530,530,54,0,17,10,0,5
0.001056,0,0,530,1733,520,520,53,0,18,10,0,5
0.001761,0,0,522,1703,512,512,52.2,0,19,10,0,5
0.001241,0,0,528,1726,518,518,52.8,0,20,10,0,5
0.001214,0,0,518,1692,508,508,51.8,0,21,10,0,5
0.000398,0,0,508,1656,498,498,50.8,0,22,10,0,5
0.000955,0,0,534,1743,524,524,53.4,0,23,10,0,5
0.000955,0,0,534,1739,524,524,53.4,0,24,10,0,5
0.00124,0,0,492,1594,482,482,49.2,0,25,10,0,5
0.000681,0,0,482,1563,472,472,48.2,0,26,10,0,5
0.001091,0,0,472,1528,462,462,47.2,0,27,10,0,5
0.001068,0,0,462,1499,452,452,46.2,0,28,10,0,5
0.001263,1,2,533,1725,446,446,45.6,1,29,10,0,5
0.00101,0,0,446,1448,433,433,44.3,0,30,10,0,5
0.000436,0,0,481,1565,469,469,47.9,0,31,10,0,5
0.001063,0,0,453,1469,442,442,45.2,0,32,10,0,5
0.000699,1,2,611,1987,482,482,49.2,1,33,10,0,5
0.001366,1,2,599,1949,472,472,48.2,1,34,10,0,5
0.000645,1,2,586,1914,462,462,47.2,1,35,10,0,5
0.001264,1,2,600,1969,479,479,48.9,1,36,10,0,5
0.001915,1,2,587,1925,469,469,47.9,1,37,10,0,5
0.001369,0,0,523,1707,513,513,52.3,0,38,10,0,5
0.001183,0,0,513,1672,503,503,51.3,0,39,10,0,5
0.001139,0,0,517,1692,507,507,51.7,0,40,10,0,5
0.001023,0,0,507,1660,497,497,50.7,0,41,10,0,5
0.000562,0,0,497,1630,487,487,49.7,0,42,10,0,5
0.001055,0,0,501,1642,491,491,50.1,0,43,10,0,5
0.001249,0,0,511,1674,501,501,51.1,0,44,10,0,5
0.001152,0,0,501,1639,491,491,50.1,0,45,10,0,5
0.000569,0,0,505,1654,495,495,50.5,0,46,10,0,5
0.000913,0,0,495,1625,485,485,49.5,0,47,10,0,5
0.001101,1,2,595,1957,475,475,48.5,1,48,10,0,5
0.000372,0,0,491,1611,481,481,49.1,0,49,10,0,5
0.001235,0,0,497,1633,487,487,49.7,0,50,10,0,5
0.000786,0,0,495,1622,485,485,49.5,0,51,10,0,5
0.001467,0,0,554,1797,544,544,55.4,0,52,10,0,5
0.001953,3,6,865,2812,561,561,57.1,1,53,10,0,5
0.001919,3,6,859,2788,559,559,56.9,1,54,10,0,5
0.001343,0,0,563,1843,553,553,56.3,0,55,10,0,5
0.002958,3,6,837,2736,521,521,53.1,1,56,10,0,5
0.001423,2,4,792,2601,535,535,54.5,1,57,10,0,5
0.002118,3,6,802,2619,494,494,50.4,1,58,10,0,5
0.001943,0,0,532,1746,522,522,53.2,0,59,10,0,5
0.001234,0,0,508,1652,498,498,50.8,0,60,10,0,5
0.000509,0,0,500,1629,490,490,50,0,61,10,0,5
0.001104,0,0,492,1598,482,482,49.2,0,62,10,0,5
0.000463,0,0,490,1590,480,480,49,0,63,10,0,5
0.001007,0,0,480,1557,470,470,48,0,64,10,0,5
0.001698,3,6,790,2548,462,462,47.2,1,65,10,0,5
0.001793,3,6,806,2622,488,488,49.8,1,66,10,0,5
0.001042,3,6,795,2593,482,482,49.2,1,67,10,0,5
0.006186,15,30,2234,7195,503,503,51.3,2,68,10,0,5
0.003256,8,16,1506,4899,493,493,50.3,2,69,10,0,5
0.001602,3,6,950,3094,483,483,49.3,1,70,10,0,5
0.002661,3,6,934,3042,473,473,48.3,1,71,10,0,5
0.00721,3,6,918,2981,463,463,47.3,1,72,10,0,5
0.001217,1,2,558,1804,480,480,49,1,73,10,0,5
0.001307,0,0,520,1682,510,510,52,0,74,10,0,5
0.001337,1,2,607,1965,482,482,49.2,1,75,10,0,5
0.000441,1,2,595,1925,472,472,48.2,1,76,10,0,5
0.001321,1,2,560,1801,451,451,46.1,1,77,10,0,5
0.000329,0,0,451,1453,441,441,45.1,0,78,10,0,5
0.000608,0,0,469,1517,459,459,46.9,0,79,10,0,5
0.000506,0,0,457,1478,447,447,45.7,0,80,10,0,5
0.000809,0,0,463,1510,453,453,46.3,0,81,10,0,5
0.000578,1,2,566,1845,458,458,46.8,1,82,10,0,5
0.000649,1,2,560,1819,454,454,46.4,1,83,10,0,5
0.000408,1,2,570,1862,466,466,47.6,1,84,10,0,5
0.001,1,2,558,1827,456,456,46.6,1,85,10,0,5
0.001326,1,2,546,1783,446,446,45.6,1,86,10,0,5
0.001121,0,0,430,1393,420,420,43,0,87,10,0,5
0.000467,0,0,420,1357,410,410,42,0,88,10,0,5
0.001451,0,0,426,1377,416,416,42.6,0,89,10,0,5
0.000841,0,0,416,1346,406,406,41.6,0,90,10,0,5
0.001216,1,2,514,1660,437,437,44.7,1,91,10,0,5
0.00056,1,2,514,1661,433,433,44.3,1,92,10,0,5
0.000783,1,2,502,1619,423,423,43.3,1,93,10,0,5
0.000865,1,2,521,1689,444,444,45.4,1,94,10,0,5
0.001111,1,2,551,1782,476,476,48.6,1,95,10,0,5
0.001065,0,0,476,1541,466,466,47.6,0,96,10,0,5
0.000807,0,0,466,1507,456,456,46.6,0,97,10,0,5
0.000754,0,0,448,1438,438,438,44.8,0,98,10,0,5
0.000709,0,0,438,1405,428,428,43.8,0,99,10,0,5
0.000484,0,0,436,1402,426,426,43.6,0,100,10,0,5
0.001241,0,0,492,1591,482,482,49.2,0,101,10,0,5
0.001198,0,0,482,1558,472,472,48.2,0,102,10,0,5
0.00086,0,0,513,1665,503,503,51.3,0,103,10,0,5
0.000908,0,0,499,1638,489,489,49.9,0,104,10,0,5
0.000974,0,0,501,1652,491,491,50.1,0,105,10,0,5
0.00077,0,0,524,1729,514,514,52.4,0,106,10,0,5
0.00067,0,0,498,1642,488,488,49.8,0,107,10,0,5
0.001152,0,0,488,1610,478,478,48.8,0,108,10,0,5
0.000468,1,2,606,2003,482,482,49.2,1,109,10,0,5
0.000639,1,2,641,2127,518,518,52.8,1,110,10,0,5
0.000516,1,2,629,2088,508,508,51.8,1,111,10,0,5
0.001701,1,2,679,2254,560,560,57,1,112,10,0,5
0.001232,1,2,667,2211,550,550,56,1,113,10,0,5
0.000818,0,0,566,1875,556,556,56.6,0,114,10,0,5
0.00065,0,0,584,1929,574,574,58.4,0,115,10,0,5
0.000577,0,0,594,1956,584,584,59.4,0,116,10,0,5
0.000468,0,0,625,2055,615,615,62.5,0,117,10,0,5
0.001378,0,0,633,2079,623,623,63.3,0,118,10,0,5
0.000455,0,0,625,2051,615,615,62.5,0,119,10,0,5
0.000774,1,2,747,2444,605,605,61.5,1,120,10,0,5
0.000545,1,2,755,2470,605,605,61.5,1,121,10,0,5
0.000558,1,2,732,2398,584,584,59.4,1,122,10,0,5
0.001145,1,2,729,2390,584,584,59.4,1,123,10,0,5
0.001312,1,2,716,2343,574,574,58.4,1,124,10,0,5
0.000827,0,0,574,1880,564,564,57.4,0,125,10,0,5
0.000938,0,0,564,1847,554,554,56.4,0,126,10,0,5
0.000424,0,0,554,1811,544,544,55.4,0,127,10,0,5
0.001418,0,0,546,1786,536,536,54.6,0,128,10,0,5
0.000827,0,0,536,1752,526,526,53.6,0,129,10,0,5
0.001196,0,0,526,1719,516,516,52.6,0,130,10,0,5
0.002206,3,6,873,2829,530,530,54,1,131,10,0,5
0.001815,1,2,637,2066,520,520,53,1,132,10,0,5
0.000805,0,0,522,1695,512,512,52.2,0,133,10,0,5
0.000991,0,0,518,1682,508,508,51.8,0,134,10,0,5
0.000875,0,0,516,1674,506,506,51.6,0,135,10,0,5
0.001467,0,0,503,1632,493,493,50.3,0,136,10,0,5
0.001387,0,0,493,1599,483,483,49.3,0,137,10,0,5
0.001179,0,0,483,1566,473,473,48.3,0,138,10,0,5
0.000641,0,0,473,1533,463,463,47.3,0,139,10,0,5
0.001131,0,0,467,1520,457,457,46.7,0,140,10,0,5
0.000873,0,0,471,1536,461,461,47.1,0,141,10,0,5
0.000411,0,0,488,1593,478,478,48.8,0,142,10,0,5
0.001088,0,0,466,1514,456,456,46.6,0,143,10,0,5
0.00055,0,0,456,1485,446,446,45.6,0,144,10,0,5
0.001024,0,0,460,1494,450,450,46,0,145,10,0,5
0.001797,1,2,507,1643,441,441,45.1,1,146,10,0,5
0.002615,7,14,984,3148,450,450,46,1,147,10,0,5
0.00227,7,14,977,3118,440,440,45,1,148,10,0,5
0.001834,7,14,987,3150,448,448,45.8,1,149,10,0,5
0.002096,3,6,655,2127,438,438,44.8,1,150,10,0,5
0.00117,1,2,541,1756,466,466,47.6,1,151,10,0,5
0.000377,0,0,490,1594,480,480,49,0,152,10,0,5
0.001247,0,0,480,1558,470,470,48,0,153,10,0,5
0.00122,0,0,456,1480,446,446,45.6,0,154,10,0,5
0.001266,1,2,522,1691,436,436,44.6,1,155,10,0,5
0.000898,0,0,448,1464,438,438,44.8,0,156,10,0,5
0.000657,0,0,438,1431,428,428,43.8,0,157,10,0,5
0.000301,0,0,428,1400,418,418,42.8,0,158,10,0,5
0.001082,0,0,418,1364,408,408,41.8,0,159,10,0,5
0.000912,0,0,420,1370,410,410,42,0,160,10,0,5
0.001367,0,0,418,1359,408,408,41.8,0,161,10,0,5
0.000617,0,0,435,1419,425,425,43.5,0,162,10,0,5
0.000782,0,0,416,1358,406,406,41.6,0,163,10,0,5
0.000688,0,0,415,1357,405,405,41.5,0,164,10,0,5
0.000751,0,0,418,1369,408,408,41.8,0,165,10,0,5
0.001092,1,2,496,1628,412,412,42.2,1,166,10,0,5
0.002929,9,18,1023,3326,398,398,40.8,2,167,10,0,5
0.001246,5,10,860,2806,427,427,43.7,3,168,10,0,5
0.001987,6,12,960,3154,441,441,45.1,3,169,10,0,5
0.009361,66,132,5880,19190,424,424,43.4,5,170,10,0,5
0.002376,31,62,2744,8970,402,402,41.2,3,171,10,0,5
0.001944,7,14,958,3103,432,432,44.2,2,172,10,0,5
0.009366,31,62,2727,8866,415,415,42.5,4,173,10,0,5
0.001354,3,6,712,2311,464,464,47.4,3,174,10,0,5
0.000687,4,8,829,2677,450,450,46,2,175,10,0,5
0.00145,1,2,519,1667,428,428,43.8,1,176,10,0,5
0.00085,1,2,495,1589,406,406,41.6,1,177,10,0,5
0.000664,1,2,493,1580,406,406,41.6,1,178,10,0,5
0.001087,0,0,434,1398,424,424,43.4,0,179,10,0,5
0.001296,0,0,435,1401,425,425,43.5,0,180,10,0,5
0.000319,0,0,421,1361,411,411,42.1,0,181,10,0,5
0.001632,0,0,439,1410,429,429,43.9,0,182,10,0,5
0.000659,0,0,443,1426,433,433,44.3,0,183,10,0,5
0.000645,0,0,436,1396,426,426,43.6,0,184,10,0,5
0.000455,0,0,399,1280,389,389,39.9,0,185,10,0,5
0.001087,0,0,453,1456,443,443,45.3,0,186,10,0,5
0.001288,0,0,448,1441,438,438,44.8,0,187,10,0,5
0.001125,0,0,466,1494,456,456,46.6,0,188,10,0,5
0.001233,0,0,487,1565,477,477,48.7,0,189,10,0,5
0.00131,0,0,484,1553,474,474,48.4,0,190,10,0,5
0.002225,1,2,590,1886,455,455,46.5,1,191,10,0,5
0.000683,1,2,553,1783,429,429,43.9,1,192,10,0,5
0.001558,2,4,748,2422,474,474,48.4,2,193,10,0,5
0.000908,1,2,613,1987,477,477,48.7,1,194,10,0,5
0.001795,1,2,621,2020,487,487,49.7,1,195,10,0,5
0.001026,0,0,485,1581,474,474,48.4,0,196,10,0,5
0.00107,0,0,483,1565,473,473,48.3,0,197,10,0,5
0.00108,0,0,465,1502,455,455,46.5,0,198,10,0,5
0.001443,0,0,480,1554,470,470,48,0,199,10,0,5
0.00115,0,0,461,1490,451,451,46.1,0,200,10,0,5
0.001179,0,0,449,1450,439,439,44.9,0,201,10,0,5
0.000567,1,2,503,1613,426,426,43.6,1,202,10,0,5
0.000452,0,0,431,1391,421,421,43.1,0,203,10,0,5
0.000914,0,0,478,1549,468,468,47.8,0,204,10,0,5
0.001292,0,0,461,1492,451,451,46.1,0,205,10,0,5
0.00097,0,0,447,1450,437,437,44.7,0,206,10,0,5
0.000826,0,0,438,1416,428,428,43.8,0,207,10,0,5
0.000758,0,0,450,1463,440,440,45,0,208,10,0,5
0.000588,0,0,437,1421,427,427,43.7,0,209,10,0,5
0.000674,0,0,442,1439,432,432,44.2,0,210,10,0,5
0.000546,0,0,433,1408,423,423,43.3,0,211,10,0,5
0.001136,0,0,428,1384,418,418,42.8,0,212,10,0,5
0.001152,0,0,423,1365,413,413,42.3,0,213,10,0,5
0.000403,0,0,423,1357,413,413,42.3,0,214,10,0,5
0.000407,0,0,414,1328,404,404,41.4,0,215,10,0,5
0.000298,0,0,409,1311,399,399,40.9,0,216,10,0,5
0.000311,0,0,400,1285,390,390,40,0,217,10,0,5
0.000323,0,0,388,1240,378,378,38.8,0,218,10,0,5
0.001164,0,0,428,1377,418,418,42.8,0,219,10,0,5
0.000415,0,0,507,1652,497,497,50.7,0,220,10,0,5
0.00042,0,0,529,1709,519,519,52.9,0,221,10,0,5
0.000405,0,0,558,1806,548,548,55.8,0,222,10,0,5
0.00049,0,0,523,1688,513,513,52.3,0,223,10,0,5
0.000884,0,0,508,1636,498,498,50.8,0,224,10,0,5
0.000383,0,0,469,1528,459,459,46.9,0,225,10,0,5
0.000398,0,0,498,1620,488,488,49.8,0,226,10,0,5
0.000476,0,0,518,1683,508,508,51.8,0,227,10,0,5
0.001174,3,6,738,2394,497,497,50.7,1,228,10,0,5
0.000639,3,6,718,2351,487,487,49.7,1,229,10,0,5
0.001387,0,0,474,1537,464,464,47.4,0,230,10,0,5
0.000888,0,0,477,1544,467,467,47.7,0,231,10,0,5
0.000609,0,0,464,1504,454,454,46.4,0,232,10,0,5
0.000335,0,0,492,1599,482,482,49.2,0,233,10,0,5
0.001475,2,4,688,2251,480,480,49,2,234,10,0,5
0.000644,1,2,626,2043,486,486,49.6,1,235,10,0,5
0.000934,1,2,614,2008,476,476,48.6,1,236,10,0,5
0.000598,1,2,634,2071,498,498,50.8,1,237,10,0,5
0.002003,1,2,622,2029,488,488,49.8,1,238,10,0,5
0.001199,0,0,542,1756,532,532,54.2,0,239,10,0,5
0.000726,0,0,541,1756,531,531,54.1,0,240,10,0,5
0.000415,0,0,531,1723,521,521,53.1,0,241,10,0,5
0.000426,0,0,521,1690,511,511,52.1,0,242,10,0,5
0.00054,1,2,685,2226,526,526,53.6,1,243,10,0,5
0.000586,1,2,675,2200,522,522,53.2,1,244,10,0,5
0.000861,1,2,689,2246,542,542,55.2,1,245,10,0,5
0.000712,2,4,815,2659,540,540,55,2,246,10,0,5
0.000634,1,2,685,2229,554,554,56.4,1,247,10,0,5
0.000676,1,2,681,2232,552,552,56.2,1,248,10,0,5
0.000673,1,2,677,2217,550,550,56,1,249,10,0,5
0.000708,1,2,658,2149,533,533,54.3,1,250,10,0,5
0.000479,0,0,533,1735,523,523,53.3,0,251,10,0,5
0.000533,0,0,563,1844,553,553,56.3,0,252,10,0,5
0.000695,0,0,547,1789,537,537,54.7,0,253,10,0,5
0.00058,1,2,644,2098,533,533,54.3,1,254,10,0,5
0.001452,2,4,783,2543,543,543,55.3,3,255,10,0,5
0.000937,3,6,895,2915,533,533,54.3,4,256,10,0,5
0.001577,3,6,898,2938,551,551,56.1,4,257,10,0,5
0.000698,2,4,800,2602,539,539,54.9,2,258,10,0,5
0.000803,1,2,670,2171,535,535,54.5,1,259,10,0,5
0.000621,0,0,541,1744,531,531,54.1,0,260,10,0,5
0.000951,0,0,492,1595,482,482,49.2,0,261,10,0,5
0.00049,0,0,488,1581,478,478,48.8,0,262,10,0,5
0.00063,0,0,470,1516,460,460,47,0,263,10,0,5
0.000563,3,6,735,2348,446,446,45.6,1,264,10,0,5
0.000872,4,8,820,2624,442,442,45.2,1,265,10,0,5
0.001942,3,6,721,2330,428,428,43.8,1,266,10,0,5
0.002054,3,6,700,2246,422,422,43.2,1,267,10,0,5
0.000889,3,6,689,2223,414,414,42.4,1,268,10,0,5
0.001087,0,0,408,1316,398,398,40.8,0,269,10,0,5
0.000681,0,0,434,1394,424,424,43.4,0,270,10,0,5
0.000909,0,0,406,1302,396,396,40.6,0,271,10,0,5
0.000847,1,2,488,1557,386,386,39.6,1,272,10,0,5
0.000795,0,0,395,1263,382,382,39.2,0,273,10,0,5
0.000781,0,0,406,1307,394,394,40.4,0,274,10,0,5
0.000635,0,0,403,1298,392,392,40.2,0,275,10,0,5
0.00078,0,0,454,1465,444,444,45.4,0,276,10,0,5
0.000921,0,0,460,1481,450,450,46,0,277,10,0,5
0.000607,0,0,459,1485,449,449,45.9,0,278,10,0,5
0.000751,3,6,685,2228,447,447,45.7,1,279,10,0,5
0.001879,4,8,770,2508,459,459,46.9,1,280,10,0,5
0.001181,3,6,659,2164,427,427,43.7,1,281,10,0,5
0.001397,3,6,725,2366,433,433,44.3,1,282,10,0,5
0.001329,3,6,715,2323,429,429,43.9,1,283,10,0,5
0.000366,0,0,419,1357,409,409,41.9,0,284,10,0,5
0.001107,0,0,409,1322,399,399,40.9,0,285,10,0,5
0.000757,0,0,421,1352,411,411,42.1,0,286,10,0,5
0.00074,0,0,462,1481,452,452,46.2,0,287,10,0,5
0.000351,0,0,476,1521,466,466,47.6,0,288,10,0,5
0.000663,0,0,472,1507,462,462,47.2,0,289,10,0,5
0.000696,0,0,482,1544,472,472,48.2,0,290,10,0,5
0.001677,0,0,477,1530,466,466,47.6,0,291,10,0,5
0.001105,0,0,467,1498,456,456,46.6,0,292,10,0,5
0.000331,0,0,484,1552,474,474,48.4,0,293,10,0,5
0.00071,0,0,497,1593,487,487,49.7,0,294,10,0,5
0.001073,0,0,511,1644,501,501,51.1,0,295,10,0,5
0.00078,0,0,523,1687,513,513,52.3,0,296,10,0,5
0.000829,0,0,513,1656,503,503,51.3,0,297,10,0,5
0.001333,0,0,503,1621,493,493,50.3,0,298,10,0,5
0.000669,1,2,584,1885,484,484,49.4,1,299,10,0,5
0.00214,7,14,1129,3604,476,476,48.6,1,300,10,0,5
0.001524,7,14,1122,3578,466,466,47.6,2,301,10,0,5
0.000861,7,14,1120,3577,462,462,47.2,1,302,10,0,5
0.001885,3,6,730,2361,462,462,47.2,1,303,10,0,5
0.000789,1,2,546,1763,454,454,46.4,1,304,10,0,5
0.000676,0,0,454,1467,444,444,45.4,0,305,10,0,5
0.000859,0,0,455,1466,445,445,45.5,0,306,10,0,5
0.001168,0,0,445,1429,435,435,44.5,0,307,10,0,5
0.001338,0,0,469,1509,459,459,46.9,0,308,10,0,5
0.000821,0,0,477,1545,467,467,47.7,0,309,10,0,5
0.001027,0,0,467,1512,457,457,46.7,0,310,10,0,5
0.001303,0,0,545,1754,535,535,54.5,0,311,10,0,5
0.000444,0,0,516,1660,506,506,51.6,0,312,10,0,5
0.001834,0,0,509,1647,499,499,50.9,0,313,10,0,5
0.001509,0,0,517,1670,507,507,51.7,0,314,10,0,5
0.00242,3,6,821,2613,499,499,50.9,1,315,10,0,5
0.001303,3,6,798,2553,486,486,49.6,1,316,10,0,5
0.002876,7,14,1209,3837,477,477,48.7,2,317,10,0,5
0.004479,7,14,1171,3749,467,467,47.7,2,318,10,0,5
0.001247,3,6,747,2409,458,458,46.8,2,319,10,0,5
0.001039,1,2,588,1904,489,489,49.9,1,320,10,0,5
0.00094,1,2,603,1963,506,506,51.6,1,321,10,0,5
0.000635,0,0,506,1655,496,496,50.6,0,322,10,0,5
0.00084,3,6,926,3021,499,499,50.9,1,323,10,0,5
0.003165,4,8,1067,3477,505,505,51.5,1,324,10,0,5
0.000801,3,6,818,2664,462,462,47.2,1,325,10,0,5
0.000899,3,6,827,2693,480,480,49,2,326,10,0,5
0.001555,4,8,902,2913,470,470,48,2,327,10,0,5
0.000767,1,2,559,1813,460,460,47,1,328,10,0,5
0.001228,0,0,522,1707,512,512,52.2,0,329,10,0,5
0.000489,0,0,514,1676,504,504,51.4,0,330,10,0,5
0.000853,0,0,508,1662,498,498,50.8,0,331,10,0,5
0.000543,0,0,494,1611,484,484,49.4,0,332,10,0,5
0.000507,0,0,484,1578,474,474,48.4,0,333,10,0,5
0.001399,0,0,511,1664,501,501,51.1,0,334,10,0,5
0.000609,0,0,501,1638,491,491,50.1,0,335,10,0,5
0.000884,0,0,505,1650,495,495,50.5,0,336,10,0,5
0.000433,0,0,515,1674,505,505,51.5,0,337,10,0,5
0.000559,1,2,620,2028,495,495,50.5,1,338,10,0,5
0.00078,3,6,932,3079,524,524,53.4,1,339,10,0,5
0.001111,3,6,927,3057,524,524,53.4,1,340,10,0,5
0.00164,3,6,897,2963,510,510,52,1,341,10,0,5
0.002154,3,6,879,2906,500,500,51,1,342,10,0,5
0.000761,0,0,500,1640,490,490,50,0,343,10,0,5
0.00266,0,0,490,1607,480,480,49,0,344,10,0,5
0.001008,0,0,480,1573,470,470,48,0,345,10,0,5
0.000807,0,0,474,1558,464,464,47.4,0,346,10,0,5
0.000404,0,0,464,1525,454,454,46.4,0,347,10,0,5
0.001248,0,0,454,1492,444,444,45.4,0,348,10,0,5
0.000813,0,0,453,1484,443,443,45.3,0,349,10,0,5
0.000455,0,0,443,1452,433,433,44.3,0,350,10,0,5
0.000371,0,0,460,1512,450,450,46,0,351,10,0,5
0.000401,0,0,450,1481,440,440,45,0,352,10,0,5
0.000607,0,0,440,1448,430,430,44,0,353,10,0,5
0.000482,0,0,418,1373,408,408,41.8,0,354,10,0,5
0.000505,1,2,551,1800,476,476,48.6,1,355,10,0,5
0.000919,7,14,964,3100,486,486,49.6,1,356,10,0,5
0.001009,7,14,1065,3454,500,500,51,1,357,10,0,5
0.000944,7,14,950,3039,467,467,47.7,1,358,10,0,5
0.000847,7,14,906,2933,457,457,46.7,1,359,10,0,5
0.000472,1,2,514,1676,447,447,45.7,1,360,10,0,5
0.000881,0,0,447,1462,437,437,44.7,0,361,10,0,5
0.000507,0,0,479,1562,469,469,47.9,0,362,10,0,5
0.000488,0,0,483,1574,473,473,48.3,0,363,10,0,5
0.000381,0,0,469,1529,459,459,46.9,0,364,10,0,5
0.000353,0,0,463,1510,453,453,46.3,0,365,10,0,5
0.00043,0,0,477,1561,467,467,47.7,0,366,10,0,5
0.000686,3,6,780,2535,470,470,48,1,367,10,0,5
0.000684,4,8,851,2764,444,444,45.4,1,368,10,0,5
0.001069,3,6,756,2479,452,452,46.2,1,369,10,0,5
0.000606,3,6,724,2370,426,426,43.6,1,370,10,0,5
0.001015,3,6,714,2332,422,422,43.2,1,371,10,0,5
0.001181,1,2,480,1566,413,413,42.3,1,372,10,0,5
0.000369,0,0,460,1506,450,450,46,0,373,10,0,5
0.001399,0,0,448,1464,438,438,44.8,0,374,10,0,5
0.000653,0,0,480,1572,470,470,48,0,375,10,0,5
0.000696,0,0,484,1581,474,474,48.4,0,376,10,0,5
0.00055,0,0,440,1452,430,430,44,0,377,10,0,5
0.000336,0,0,449,1462,439,439,44.9,0,378,10,0,5
0.000388,0,0,443,1450,433,433,44.3,0,379,10,0,5
0.000657,0,0,427,1389,417,417,42.7,0,380,10,0,5
0.000641,0,0,442,1439,432,432,44.2,0,381,10,0,5
0.000811,0,0,464,1519,454,454,46.4,0,382,10,0,5
0.000463,0,0,468,1531,458,458,46.8,0,383,10,0,5
0.001116,0,0,437,1436,427,427,43.7,0,384,10,0,5
0.000475,0,0,431,1411,421,421,43.1,0,385,10,0,5
0.000553,0,0,410,1344,400,400,41,0,386,10,0,5
0.001085,0,0,446,1465,436,436,44.6,0,387,10,0,5
0.000651,0,0,457,1489,447,447,45.7,0,388,10,0,5
0.001126,0,0,479,1569,469,469,47.9,0,389,10,0,5
0.001166,1,2,495,1609,434,434,44.4,1,390,10,0,5
0.001112,0,0,473,1546,463,463,47.3,0,391,10,0,5
0.001015,0,0,460,1496,450,450,46,0,392,10,0,5
0.000787,0,0,442,1435,432,432,44.2,0,393,10,0,5
0.001368,1,2,566,1850,458,458,46.8,1,394,10,0,5
0.001399,4,8,857,2808,457,457,46.7,1,395,10,0,5
0.001884,3,6,785,2585,483,483,49.3,1,396,10,0,5
0.001704,3,6,729,2403,433,433,44.3,1,397,10,0,5
0.000902,4,8,851,2783,488,488,49.8,2,398,10,0,5
0.001504,3,6,612,1996,439,439,44.9,1,399,10,0,5
0.001665,3,6,718,2367,509,509,51.9,1,400,10,0,5
0.001731,2,4,706,2293,512,512,52.2,2,401,10,0,5
0.001065,0,0,489,1592,479,479,48.9,0,402,10,0,5
0.00047,0,0,494,1608,484,484,49.4,0,403,10,0,5
0.00039,0,0,478,1562,468,468,47.8,0,404,10,0,5
0.000523,0,0,489,1585,479,479,48.9,0,405,10,0,5
0.000717,0,0,468,1508,458,458,46.8,0,406,10,0,5
0.001153,0,0,481,1549,471,471,48.1,0,407,10,0,5
0.001314,0,0,501,1616,491,491,50.1,0,408,10,0,5
0.001382,1,2,625,2026,526,526,53.6,1,409,10,0,5
0.002843,7,14,1276,4109,532,532,54.2,1,410,10,0,5
0.002323,8,16,1379,4442,522,522,53.2,2,411,10,0,5
0.001658,15,30,2205,7097,513,513,52.3,2,412,10,0,5
0.003175,31,62,3868,12547,504,504,51.4,2,413,10,0,5
0.001857,7,14,1234,4049,494,494,50.4,2,414,10,0,5
0.001798,3,6,866,2829,536,536,54.6,2,415,10,0,5
0.001042,0,0,536,1740,526,526,53.6,0,416,10,0,5
0.001237,1,2,672,2171,527,527,53.7,1,417,10,0,5
0.002633,7,14,1516,4839,558,558,56.8,1,418,10,0,5
0.004171,8,16,1623,5193,544,544,55.4,1,419,10,0,5
0.001713,7,14,1479,4739,534,534,54.4,1,420,10,0,5
0.002452,7,14,1465,4725,554,554,56.4,1,421,10,0,5
0.000636,1,2,652,2115,519,519,52.9,1,422,10,0,5
0.000773,0,0,519,1686,509,509,51.9,0,423,10,0,5
0.001234,0,0,539,1752,529,529,53.9,0,424,10,0,5
0.000769,0,0,549,1786,539,539,54.9,0,425,10,0,5
0.001129,0,0,539,1754,529,529,53.9,0,426,10,0,5
0.000902,0,0,529,1721,519,519,52.9,0,427,10,0,5
0.000989,0,0,545,1778,535,535,54.5,0,428,10,0,5
0.000812,0,0,535,1746,525,525,53.5,0,429,10,0,5
0.001034,1,2,618,2019,515,515,52.5,1,430,10,0,5
0.001272,1,2,607,1990,505,505,51.5,1,431,10,0,5
0.001465,1,2,595,1960,495,495,50.5,1,432,10,0,5
0.001296,1,2,595,1949,497,497,50.7,1,433,10,0,5
0.001266,0,0,521,1703,511,511,52.1,0,434,10,0,5
0.001211,0,0,543,1775,533,533,54.3,0,435,10,0,5
0.000391,0,0,545,1782,535,535,54.5,0,436,10,0,5
0.000393,0,0,535,1749,525,525,53.5,0,437,10,0,5
0.000672,0,0,520,1696,510,510,52,0,438,10,0,5
0.001086,0,0,534,1741,524,524,53.4,0,439,10,0,5
0.000926,0,0,532,1734,522,522,53.2,0,440,10,0,5
0.000627,0,0,522,1700,512,512,52.2,0,441,10,0,5
0.000888,0,0,512,1668,502,502,51.2,0,442,10,0,5
0.000378,0,0,502,1637,492,492,50.2,0,443,10,0,5
0.000397,0,0,492,1604,482,482,49.2,0,444,10,0,5
0.000386,0,0,496,1619,486,486,49.6,0,445,10,0,5
0.000722,0,0,498,1618,488,488,49.8,0,446,10,0,5
0.00074,0,0,488,1583,478,478,48.8,0,447,10,0,5
0.001145,0,0,478,1549,468,468,47.8,0,448,10,0,5
0.000775,0,0,488,1583,478,478,48.8,0,449,10,0,5
0.000592,0,0,478,1548,468,468,47.8,0,450,10,0,5
0.001181,1,2,599,1936,459,459,46.9,1,451,10,0,5
0.00259,7,14,1384,4434,451,451,46.1,1,452,10,0,5
0.002226,15,30,2175,7050,488,488,49.8,2,453,10,0,5
0.002457,7,14,1451,4653,513,513,52.3,2,454,10,0,5
0.003558,31,62,4608,14786,555,555,56.5,3,455,10,0,5
0.013306,32,64,4778,15424,547,547,55.7,3,456,10,0,5
0.00265,15,30,2535,8142,537,537,54.7,2,457,10,0,5
0.007326,15,30,2473,8033,537,537,54.7,2,458,10,0,5
0.001094,7,14,1384,4508,543,543,55.3,2,459,10,0,5
0.001903,3,6,871,2830,529,529,53.9,2,460,10,0,5
0.001299,1,2,644,2109,529,529,53.9,1,461,10,0,5
0.001036,1,2,624,2034,519,519,52.9,1,462,10,0,5
0.001356,1,2,627,2049,524,524,53.4,1,463,10,0,5
0.000742,1,2,686,2249,550,550,56,1,464,10,0,5
0.000928,3,6,935,3054,547,547,55.7,2,465,10,0,5
0.002525,13,26,2277,7442,532,532,54.2,2,466,10,0,5
0.001824,7,14,1444,4726,522,522,53.2,2,467,10,0,5
0.001679,7,14,1264,4167,491,491,50.1,2,468,10,0,5
0.001145,3,6,816,2671,481,481,49.1,1,469,10,0,5
0.000507,0,0,481,1566,471,471,48.1,0,470,10,0,5
0.001377,3,6,750,2456,456,456,46.6,2,471,10,0,5
0.001795,4,8,849,2795,456,456,46.6,3,472,10,0,5
0.00186,3,6,741,2436,446,446,45.6,3,473,10,0,5
0.000584,3,6,723,2381,436,436,44.6,3,474,10,0,5
0.001433,3,6,743,2447,464,464,47.4,3,475,10,0,5
0.000769,0,0,476,1551,466,466,47.6,0,476,10,0,5
0.00101,0,0,466,1511,456,456,46.6,0,477,10,0,5
0.001101,0,0,456,1479,446,446,45.6,0,478,10,0,5
0.001118,0,0,446,1443,436,436,44.6,0,479,10,0,5
0.000643,0,0,436,1406,426,426,43.6,0,480,10,0,5
0.00078,0,0,426,1374,416,416,42.6,0,481,10,0,5
0.000809,0,0,428,1383,418,418,42.8,0,482,10,0,5
0.000593,0,0,433,1400,423,423,43.3,0,483,10,0,5
0.000947,0,0,434,1401,424,424,43.4,0,484,10,0,5
0.001855,3,6,741,2432,430,430,44,1,485,10,0,5
0.001497,1,2,563,1837,454,454,46.4,1,486,10,0,5
0.001843,5,10,971,3139,458,458,46.8,2,487,10,0,5
0.001081,3,6,749,2448,432,432,44.2,1,488,10,0,5
0.001319,3,6,757,2472,440,440,45,1,489,10,0,5
0.001678,3,6,738,2422,430,430,44,1,490,10,0,5
0.000998,1,2,511,1668,406,406,41.6,1,491,10,0,5
0.000674,0,0,401,1300,391,391,40.1,0,492,10,0,5
0.000436,0,0,405,1319,395,395,40.5,0,493,10,0,5
0.000477,0,0,442,1431,432,432,44.2,0,494,10,0,5
0.000931,0,0,432,1395,422,422,43.2,0,495,10,0,5
0.000479,0,0,412,1330,402,402,41.2,0,496,10,0,5
0.000861,0,0,384,1246,374,374,38.4,0,497,10,0,5
0.000335,1,2,434,1402,370,370,38,1,498,10,0,5
0.00039,0,0,407,1318,394,394,40.4,0,499,10,0,5
0.004425,6,12,2476,8214,1794,1791,60.8,8,0,30,0
0.004767,6,12,2438,8074,1771,1767,60.0333,8,1,30,0
0.002754,6,12,2434,8043,1740,1738,59,7,2,30,0
0.004141,6,12,2408,7936,1726,1724,58.5333,7,3,30,0
0.001216,1,3,1333,4403,1229,1228,62.45,1,0,20,0
0.002343,1,3,1332,4376,1233,1232,62.65,1,1,20,0
0.000984,1,3,1285,4219,1189,1188,60.45,1,2,20,0
0.001534,1,3,1363,4448,1193,1192,60.65,1,3,20,0
0.001489,1,2,1224,3990,1173,1172,59.65,1,4,20,0
0.00153,1,2,1218,3967,1133,1133,57.65,1,5,20,0
0.001816,1,2,1246,4061,1163,1163,59.15,1,6,20,0
0.00096,1,2,1221,3970,1140,1140,58,1,7,20,0
0.000965,1,2,1199,3892,1120,1120,57,1,8,20,0
0.001419,1,2,1226,4004,1102,1100,56.1,1,9,20,0
0.001484,1,2,1197,3901,1074,1072,54.7,1,10,20,0
0.000958,1,2,1198,3905,1076,1074,54.8,1,11,20,0
0.001366,1,2,1227,4003,1106,1104,56.3,1,12,20,0
0.000975,1,2,1218,3981,1098,1096,55.9,1,13,20,0
0.00088,0,1,1102,3583,1082,1082,55.1,0,14,20,0
0.001175,0,1,1078,3513,1058,1058,53.9,0,15,20,0
0.001677,0,1,1090,3551,1070,1070,54.5,0,16,20,0
0.001816,0,1,1089,3555,1069,1069,54.45,0,17,20,0
0.003666,0,1,1129,3669,1109,1109,56.45,0,18,20,0
0.001544,0,1,1105,3596,1085,1085,55.25,0,19,20,0
0.001545,2,4,1244,4039,1075,1075,54.75,2,20,20,0
0.001249,2,4,1211,3930,1041,1041,53.05,2,21,20,0
0.003164,3,6,1321,4279,1032,1032,52.6,3,22,20,0
0.001256,3,6,1320,4275,1028,1028,52.4,3,23,20,0
0.00243,3,6,1365,4431,1078,1078,54.9,3,24,20,0
0.000969,1,2,1153,3739,1058,1058,53.9,1,25,20,0
0.001093,1,2,1164,3769,1070,1070,54.5,1,26,20,0
0.001213,0,1,1061,3427,1041,1041,53.05,0,27,20,0
0.001737,0,1,1092,3534,1072,1072,54.6,0,28,20,0
0.002454,1,2,1103,3568,1043,1041,53.15,1,29,20,0
0.0009,1,3,1211,3892,1099,1094,55.95,1,30,20,0
0.001093,2,4,1284,4125,1100,1097,56,3,31,20,0
0.002159,2,4,1255,4040,1078,1076,54.9,2,32,20,0
0.001831,2,5,1356,4361,1117,1113,56.85,2,33,20,0
0.001764,4,8,1584,5103,1094,1094,55.7,3,34,20,0
0.00137,2,5,1381,4456,1088,1086,55.4,3,35,20,0
0.001462,2,5,1325,4285,1056,1054,53.8,3,36,20,0
0.001146,3,6,1366,4425,1050,1050,53.5,3,37,20,0
0.001182,3,6,1398,4548,1078,1076,54.9,4,38,20,0
0.001443,2,4,1369,4439,1075,1073,54.75,2,39,20,0
0.00139,2,4,1365,4421,1075,1073,54.75,2,40,20,0
0.001204,2,4,1361,4415,1075,1073,54.75,2,41,20,0
0.001566,2,4,1353,4398,1071,1069,54.55,2,42,20,0
0.001029,1,2,1115,3632,1051,1051,53.55,1,43,20,0
0.000781,0,1,1051,3422,1031,1031,52.55,0,44,20,0
0.001231,1,2,1130,3691,1031,1030,52.55,1,45,20,0
0.000924,1,2,1133,3700,1035,1034,52.75,1,46,20,0
0.000958,1,2,1116,3644,1019,1018,51.95,1,47,20,0
0.001011,1,2,1101,3592,1005,1004,51.25,1,48,20,0
0.001212,2,4,1195,3906,1035,1032,52.75,2,49,20,0
0.001196,2,4,1182,3832,1014,1010,51.7,2,50,20,0
0.001006,2,4,1220,3919,1032,1027,52.6,4,51,20,0
0.000956,1,2,1051,3425,1008,1006,51.4,1,52,20,0
0.001348,2,4,1187,3861,1003,1000,51.15,2,53,20,0
0.001236,2,4,1248,4080,1069,1068,54.45,2,54,20,0
0.000935,1,2,1113,3633,1035,1034,52.75,1,55,20,0
0.000989,1,2,1110,3618,1033,1032,52.65,1,56,20,0
0.000953,1,2,1119,3648,1043,1042,53.15,1,57,20,0
0.001102,1,2,1082,3530,1017,1017,51.85,1,58,20,0
0.000913,1,2,1069,3493,1002,1002,51.1,1,59,20,0
0.001076,2,4,1178,3862,995,993,50.75,2,60,20,0
0.001318,2,4,1186,3873,989,987,50.45,2,61,20,0
0.001049,1,2,1091,3572,1012,1010,51.6,1,62,20,0
0.000928,1,2,1113,3641,1035,1033,52.75,1,63,20,0
0.00095,1,2,1111,3629,1034,1032,52.7,1,64,20,0
0.000912,1,2,1113,3638,1036,1036,52.8,1,65,20,0
0.000868,0,1,1036,3390,1016,1016,51.8,0,66,20,0
0.001433,0,1,1026,3353,1006,1006,51.3,0,67,20,0
0.001579,0,1,1057,3442,1037,1037,52.85,0,68,20,0
0.001457,0,1,1037,3379,1017,1017,51.85,0,69,20,0
0.002133,0,1,1039,3384,1019,1019,51.95,0,70,20,0
0.000981,0,1,1024,3335,1004,1004,51.2,0,71,20,0
0.000845,0,1,1021,3334,1001,1001,51.05,0,72,20,0
0.001906,1,2,1103,3601,992,992,50.6,1,73,20,0
0.002178,2,4,1273,4176,961,959,49.05,2,74,20,0
0.002621,5,10,1655,5450,1041,1037,53.05,3,75,20,0
0.002643,5,10,1766,5799,1060,1054,54,3,76,20,0
0.001388,4,8,1554,5088,1050,1044,53.5,2,77,20,0
0.003247,4,9,1927,6245,1093,1086,55.65,2,78,20,0
0.004456,3,6,1735,5585,1044,1035,53.2,3,79,20,0
0.003349,3,6,1441,4636,1025,1022,52.25,3,80,20,0
0.000947,2,4,1169,3800,1005,1003,51.25,3,81,20,0
0.001641,2,4,1253,4094,1096,1094,55.8,3,82,20,0
0.001309,1,3,1230,4013,1078,1077,54.9,2,83,20,0
0.002532,0,1,1173,3839,1153,1153,58.65,0,84,20,0
0.001071,1,2,1280,4187,1170,1168,59.5,1,85,20,0
0.002393,1,2,1261,4122,1152,1150,58.6,1,86,20,0
0.001388,2,4,1418,4634,1164,1160,59.2,2,87,20,0
0.003269,4,8,1638,5362,1142,1134,58.1,4,88,20,0
0.0025,4,8,1665,5419,1146,1136,58.3,4,89,20,0
0.003866,5,10,1865,6054,1203,1195,61.15,6,90,20,0
0.002484,3,6,1524,4957,1174,1172,59.7,3,91,20,0
0.002088,2,4,1415,4612,1183,1180,60.15,3,92,20,0
0.001495,4,8,1607,5242,1165,1160,59.25,5,93,20,0
0.003277,4,8,1594,5195,1157,1152,58.85,5,94,20,0
0.001602,5,10,1703,5552,1139,1132,57.95,7,95,20,0
0.003282,5,11,1713,5576,1117,1112,56.85,7,96,20,0
0.00305,4,8,1544,5029,1111,1109,56.55,4,97,20,0
0.001023,1,2,1258,4086,1185,1185,60.25,1,98,20,0
0.000955,1,2,1240,4030,1168,1168,59.4,1,99,20,0
0.002178,0,1,1168,3790,1148,1148,58.4,0,100,20,0
0.000904,0,1,1148,3728,1128,1128,57.4,0,101,20,0
0.001816,1,2,1199,3889,1133,1133,57.65,1,102,20,0
0.002551,1,2,1205,3908,1141,1141,58.05,1,103,20,0
0.001373,1,2,1184,3840,1122,1122,57.1,1,104,20,0
0.00202,1,2,1159,3759,1099,1099,55.95,1,105,20,0
0.002141,1,2,1168,3781,1081,1079,55.05,1,106,20,0
0.000951,1,2,1149,3716,1063,1061,54.15,1,107,20,0
0.001447,2,4,1307,4230,1093,1091,55.65,2,108,20,0
0.001217,2,4,1279,4129,1071,1069,54.55,2,109,20,0
0.002382,3,6,1390,4486,1071,1070,54.55,3,110,20,0
0.001735,3,6,1363,4398,1052,1050,53.6,3,111,20,0
0.000984,2,4,1208,3896,1036,1034,52.8,2,112,20,0
0.001197,2,4,1184,3815,1015,1013,51.75,3,113,20,0
0.001156,3,6,1262,4043,987,983,50.35,3,114,20,0
0.001124,3,6,1279,4101,1000,994,51,3,115,20,0
0.001385,4,8,1462,4668,1022,1016,52.1,5,116,20,0
0.003187,5,10,1508,4788,1025,1016,52.25,5,117,20,0
0.001671,6,12,1632,5182,1040,1031,53,7,118,20,0
0.001272,5,10,1469,4699,1014,1007,51.7,6,119,20,0
0.001156,4,8,1388,4461,1008,1003,51.4,5,120,20,0
0.00114,3,6,1284,4133,1004,1001,51.2,4,121,20,0
0.00088,2,4,1128,3625,987,984,50.35,2,122,20,0
0.00082,1,2,1019,3286,967,965,49.35,1,123,20,0
0.002407,1,2,999,3219,948,946,48.4,1,124,20,0
0.001191,1,2,988,3186,938,936,47.9,1,125,20,0
0.001537,1,3,1027,3277,931,927,47.55,2,126,20,0
0.000782,1,2,1005,3213,940,936,48,1,127,20,0
0.000905,2,4,1159,3717,976,970,49.8,4,128,20,0
0.001016,3,6,1224,3918,1003,997,51.15,4,129,20,0
0.001091,2,4,1089,3489,993,989,50.65,3,130,20,0
0.000929,2,4,1064,3414,973,969,49.65,3,131,20,0
0.001041,2,4,1144,3670,974,970,49.7,3,132,20,0
0.001086,3,6,1257,4018,969,965,49.45,3,133,20,0
0.001475,2,4,1148,3678,944,940,48.2,2,134,20,0
0.00089,2,4,1122,3594,924,920,47.2,3,135,20,0
0.000952,2,4,1143,3664,951,947,48.55,3,136,20,0
0.000831,1,2,1043,3346,951,947,48.55,1,137,20,0
0.000775,0,1,960,3073,933,931,47.65,0,138,20,0
0.00075,0,1,1012,3252,985,983,50.25,0,139,20,0
0.001715,1,2,1084,3484,995,991,50.75,1,140,20,0
0.000881,1,2,1101,3530,1003,998,51.15,1,141,20,0
0.000899,1,2,1139,3664,1043,1038,53.15,1,142,20,0
0.001076,2,4,1305,4211,1098,1093,55.9,2,143,20,0
0.001473,3,6,1490,4816,1120,1114,57,4,144,20,0
0.001372,2,5,1429,4616,1105,1100,56.25,3,145,20,0
0.001301,2,4,1313,4231,1061,1055,54.05,3,146,20,0
0.001363,3,6,1498,4835,1091,1085,55.55,3,147,20,0
0.001773,4,8,1738,5607,1076,1071,54.8,5,148,20,0
0.002534,5,10,1649,5336,1081,1074,55.05,5,149,20,0
0.001734,6,12,1742,5640,1040,1031,53,6,150,20,0
0.001716,5,10,1582,5118,985,979,50.25,5,151,20,0
0.001642,5,10,1619,5218,985,981,50.25,8,152,20,0
0.001226,4,8,1437,4641,968,962,49.4,5,153,20,0
0.001543,5,10,1550,4990,1006,1000,51.3,8,154,20,0
0.002999,5,10,1626,5279,976,974,49.8,6,155,20,0
0.001269,5,10,1541,5010,1013,1009,51.65,8,156,20,0
0.002191,5,10,1601,5198,1047,1043,53.35,9,157,20,0
0.001527,5,10,1493,4842,1027,1023,52.35,7,158,20,0
0.001228,5,10,1444,4685,1009,1007,51.45,5,159,20,0
0.001039,3,6,1276,4117,991,987,50.55,3,160,20,0
0.001395,3,7,1324,4250,968,967,49.4,3,161,20,0
0.002541,3,6,1291,4153,961,959,49.05,2,162,20,0
0.001247,3,7,1296,4190,941,939,48.05,3,163,20,0
0.001559,2,4,1128,3645,979,976,49.95,2,164,20,0
0.001002,2,4,1239,4018,1067,1064,54.35,2,165,20,0
0.001263,2,4,1218,3953,1047,1044,53.35,2,166,20,0
0.001008,2,4,1205,3901,1005,1001,51.25,2,167,20,0
0.001145,3,6,1353,4359,1009,1003,51.45,4,168,20,0
0.001695,3,7,1396,4511,1004,997,51.2,4,169,20,0
0.001088,2,4,1225,3976,1034,1030,52.7,2,170,20,0
0.001362,3,7,1554,5059,1104,1098,56.2,3,171,20,0
0.001199,2,4,1373,4480,1132,1128,57.6,2,172,20,0
0.001251,1,2,1210,3951,1121,1120,57.05,1,173,20,0
0.001643,0,1,1208,3943,1188,1188,60.4,0,174,20,0
0.00106,0,1,1279,4176,1259,1259,63.95,0,175,20,0
0.002128,0,1,1267,4135,1247,1247,63.35,0,176,20,0
0.001438,0,1,1252,4082,1232,1232,62.6,0,177,20,0
0.001229,1,2,1309,4274,1217,1215,61.85,1,178,20,0
0.002295,2,4,1405,4556,1223,1222,62.15,3,179,20,0
0.001821,1,2,1325,4320,1239,1239,62.95,1,180,20,0
0.002489,1,2,1322,4303,1237,1237,62.85,1,181,20,0
0.003159,2,5,1442,4690,1216,1215,61.8,2,182,20,0
0.001201,2,4,1375,4463,1225,1223,62.25,2,183,20,0
0.001463,0,1,1178,3829,1158,1158,58.9,0,184,20,0
0.002911,0,1,1236,3996,1216,1216,61.8,0,185,20,0
0.002187,0,1,1267,4102,1247,1247,63.35,0,186,20,0
0.001074,1,3,1348,4355,1215,1215,61.75,1,187,20,0
0.004195,3,6,1573,5042,1237,1233,62.85,3,188,20,0
0.006888,5,10,1840,5880,1252,1246,63.6,4,189,20,0
0.00238,4,8,1630,5195,1201,1195,61.05,4,190,20,0
0.002168,4,8,1909,6058,1199,1191,60.95,4,191,20,0
0.006231,4,9,2077,6538,1187,1181,60.35,6,192,20,0
0.002386,3,6,1754,5554,1178,1163,59.9,4,193,20,0
0.004551,3,6,1505,4830,1156,1152,58.8,4,194,20,0
0.003735,3,6,1479,4747,1136,1131,57.8,4,195,20,0
0.001282,4,8,1582,5060,1123,1116,57.15,3,196,20,0
0.002777,4,8,1582,5058,1119,1110,56.95,3,197,20,0
0.003868,3,6,1437,4610,1101,1096,56.05,3,198,20,0
0.001787,2,4,1283,4120,1081,1074,55.05,2,199,20,0
0.003054,5,10,1626,5184,1083,1076,55.15,4,200,20,0
0.001438,4,8,1542,4945,1093,1088,55.65,3,201,20,0
0.002918,4,8,1537,4942,1104,1100,56.2,4,202,20,0
0.002219,2,4,1280,4135,1102,1100,56.1,2,203,20,0
0.002636,3,6,1546,4970,1115,1113,56.75,3,204,20,0
0.001489,1,2,1180,3809,1092,1091,55.6,1,205,20,0
0.00191,3,6,1529,4912,1123,1120,57.15,3,206,20,0
0.005833,4,8,1676,5368,1165,1159,59.25,5,207,20,0
0.005879,5,10,1780,5722,1148,1142,58.4,6,208,20,0
0.003302,6,12,1823,5826,1127,1118,57.35,7,209,20,0
0.002092,4,8,1692,5463,1146,1140,58.3,4,210,20,0
0.002688,5,10,1773,5709,1156,1149,58.8,6,211,20,0
0.006793,5,10,1897,6116,1216,1205,61.8,4,212,20,0
0.002419,4,8,1727,5586,1194,1185,60.7,4,213,20,0
0.001476,3,6,1580,5125,1182,1176,60.1,4,214,20,0
0.00102,1,2,1230,3991,1147,1145,58.35,1,215,20,0
0.001238,3,6,1486,4792,1121,1115,57.05,3,216,20,0
0.002067,2,5,1383,4453,1100,1096,56,3,217,20,0
0.00112,3,6,1445,4628,1100,1094,56,3,218,20,0
0.001769,4,8,1584,5069,1111,1102,56.55,4,219,20,0
0.003084,5,10,1729,5568,1137,1125,57.85,5,220,20,0
0.006475,4,8,1574,5097,1118,1109,56.9,4,221,20,0
0.001835,5,10,1689,5451,1129,1120,57.45,5,222,20,0
0.00567,5,10,1662,5370,1111,1103,56.55,5,223,20,0
0.003814,4,8,1587,5172,1137,1132,57.85,4,224,20,0
0.001799,2,4,1318,4305,1117,1114,56.85,2,225,20,0
0.003024,3,6,1407,4592,1110,1107,56.5,3,226,20,0
0.001086,2,4,1258,4086,1092,1090,55.6,2,227,20,0
0.003596,2,4,1263,4097,1088,1084,55.4,2,228,20,0
0.003829,3,6,1363,4441,1070,1064,54.5,3,229,20,0
0.001514,2,4,1257,4070,1094,1090,55.7,2,230,20,0
0.00271,3,6,1364,4419,1120,1115,57,3,231,20,0
0.003199,0,1,1194,3895,1174,1174,59.7,0,232,20,0
0.000919,0,1,1174,3831,1154,1154,58.7,0,233,20,0
0.003554,0,1,1112,3616,1092,1092,55.6,0,234,20,0
0.001511,1,2,1211,3951,1123,1121,57.15,1,235,20,0
0.003733,1,2,1187,3865,1100,1098,56,1,236,20,0
0.001755,1,2,1190,3878,1104,1102,56.2,2,237,20,0
0.001137,2,4,1273,4145,1086,1082,55.3,2,238,20,0
0.001523,1,2,1125,3670,1042,1040,53.1,1,239,20,0
0.002237,1,2,1128,3682,1046,1044,53.3,1,240,20,0
0.002838,2,4,1222,3977,1063,1060,54.15,2,241,20,0
0.001284,1,2,1072,3475,1031,1029,52.55,1,242,20,0
0.001308,1,2,1075,3496,1035,1033,52.75,1,243,20,0
0.001839,1,2,1050,3407,1011,1009,51.55,1,244,20,0
0.0023,1,2,1035,3354,997,995,50.85,1,245,20,0
0.001382,0,1,1025,3338,1005,1005,51.25,0,246,20,0
0.002257,0,1,1040,3389,1020,1020,52,0,247,20,0
0.00112,0,1,1098,3580,1078,1078,54.9,0,248,20,0
0.001223,0,1,1080,3524,1060,1060,54,0,249,20,0
0.001011,0,1,1079,3515,1059,1059,53.95,0,250,20,0
0.002769,1,3,1187,3884,1064,1062,54.2,2,251,20,0
0.002371,2,4,1227,4014,1058,1056,53.9,2,252,20,0
0.002318,3,6,1324,4316,1040,1036,53,3,253,20,0
0.001522,3,6,1339,4346,1050,1045,53.5,3,254,20,0
0.001669,3,6,1312,4274,1032,1027,52.6,3,255,20,0
0.001001,2,4,1213,3941,1040,1037,53,2,256,20,0
0.001022,1,2,1132,3689,1046,1044,53.3,1,257,20,0
0.0017,1,2,1078,3516,992,991,50.6,1,258,20,0
0.000834,0,1,1033,3374,1013,1013,51.65,0,259,20,0
0.001111,3,6,1284,4173,1004,1001,51.2,3,260,20,0
0.0014,3,6,1254,4039,973,968,49.65,3,261,20,0
0.002139,3,6,1299,4189,1006,1000,51.3,3,262,20,0
0.001254,2,4,1129,3643,983,978,50.15,2,263,20,0
0.001442,3,6,1220,3909,960,952,49,3,264,20,0
0.002611,3,6,1245,4012,950,942,48.5,3,265,20,0
0.002065,3,6,1278,4151,975,971,49.75,3,266,20,0
0.001025,3,6,1250,4054,947,943,48.35,3,267,20,0
0.001401,1,2,1058,3402,971,966,49.55,1,268,20,0
0.001422,1,2,1034,3337,956,951,48.8,1,269,20,0
0.001877,1,2,1027,3327,954,951,48.7,1,270,20,0
0.002889,2,4,1126,3654,942,938,48.1,2,271,20,0
0.002889,3,6,1153,3747,911,908,46.55,3,272,20,0
0.000851,2,4,1074,3489,942,941,48.1,2,273,20,0
0.000992,3,6,1167,3802,920,919,47,3,274,20,0
0.000865,2,4,1049,3426,880,879,45,2,275,20,0
0.001167,3,6,1141,3727,913,910,46.65,3,276,20,0
0.000988,1,2,978,3173,907,907,46.35,1,277,20,0
0.00095,1,3,989,3206,913,913,46.65,2,278,20,0
0.000888,0,1,987,3214,967,967,49.35,0,279,20,0
0.000845,0,1,1003,3263,983,983,50.15,0,280,20,0
0.000813,0,1,969,3152,949,949,48.45,0,281,20,0
0.000764,0,1,970,3152,950,950,48.5,0,282,20,0
0.000842,0,1,941,3058,921,921,47.05,0,283,20,0
0.003355,0,1,988,3215,968,968,49.4,0,284,20,0
0.000801,0,1,991,3225,971,971,49.55,0,285,20,0
0.002166,2,4,1101,3579,946,946,48.3,2,286,20,0
0.000838,1,3,1068,3467,949,947,48.45,2,287,20,0
0.000914,1,3,1058,3426,941,939,48.05,2,288,20,0
0.001342,3,6,1297,4232,956,955,48.8,4,289,20,0
0.001626,4,8,1390,4529,948,945,48.4,5,290,20,0
0.000775,0,1,942,3062,922,922,47.1,0,291,20,0
0.000823,0,1,1003,3275,983,983,50.15,0,292,20,0
0.003452,3,6,1264,4128,951,947,48.55,3,293,20,0
0.003538,2,4,1181,3873,936,934,47.8,2,294,20,0
0.001703,2,4,1160,3801,914,912,46.7,2,295,20,0
0.001073,3,6,1271,4151,949,947,48.45,3,296,20,0
0.001084,3,6,1263,4131,925,921,47.25,3,297,20,0
0.001202,3,6,1239,4039,981,977,50.05,4,298,20,0
0.003027,1,2,1010,3285,937,935,47.85,1,299,20,0
0.001855,3,6,1185,3832,959,954,48.95,3,300,20,0
0.002572,2,4,1134,3693,968,964,49.4,2,301,20,0
0.000976,2,4,1153,3738,1005,1001,51.25,2,302,20,0
0.001924,0,1,1004,3269,984,984,50.2,0,303,20,0
0.00242,1,2,1097,3541,1032,1029,52.6,1,304,20,0
0.002492,0,1,1024,3312,1004,1004,51.2,0,305,20,0
0.001236,1,2,1035,3330,970,967,49.5,1,306,20,0
0.003044,2,4,1072,3450,940,938,48,2,307,20,0
0.001486,4,8,1354,4360,953,948,48.65,4,308,20,0
0.002367,5,10,1426,4571,944,935,48.2,4,309,20,0
0.003097,5,10,1321,4217,909,905,46.45,5,310,20,0
0.001106,4,8,1269,4065,918,911,46.9,4,311,20,0
0.002063,3,6,1217,3920,968,963,49.4,4,312,20,0
0.003284,3,6,1198,3872,978,972,49.9,3,313,20,0
0.00107,3,6,1217,3925,988,981,50.4,3,314,20,0
0.003323,4,8,1299,4203,989,982,50.45,5,315,20,0
0.002053,5,10,1326,4302,939,931,47.95,5,316,20,0
0.002632,4,8,1316,4263,945,937,48.25,4,317,20,0
0.001928,5,10,1432,4588,925,917,47.25,4,318,20,0
0.002128,5,10,1367,4389,922,915,47.1,5,319,20,0
0.001498,4,8,1289,4141,924,921,47.2,3,320,20,0
0.002875,3,6,1224,3920,917,912,46.85,2,321,20,0
0.001323,1,2,988,3202,909,908,46.45,1,322,20,0
0.001687,2,5,1125,3614,908,907,46.4,2,323,20,0
0.001574,2,5,1174,3784,969,968,49.45,2,324,20,0
0.00161,2,4,1136,3661,976,974,49.8,2,325,20,0
0.000948,2,5,1189,3814,973,971,49.65,3,326,20,0
0.003269,3,6,1326,4224,992,989,50.6,4,327,20,0
0.003916,3,6,1317,4187,997,993,50.85,3,328,20,0
0.004412,4,8,1440,4557,985,980,50.25,4,329,20,0
0.001296,5,10,1503,4745,980,974,50,5,330,20,0
0.003951,5,10,1444,4587,1004,998,51.2,5,331,20,0
0.003327,3,6,1258,4019,1007,1003,51.35,3,332,20,0
0.001899,3,6,1341,4298,1030,1027,52.5,4,333,20,0
0.002258,4,8,1372,4413,1000,995,51,5,334,20,0
0.002327,4,9,1464,4705,984,980,50.2,6,335,20,0
0.001953,6,12,1502,4814,1004,1000,51.2,7,336,20,0
0.005165,5,10,1585,5036,989,983,50.45,7,337,20,0
0.001559,3,6,1255,3966,951,945,48.55,5,338,20,0
0.00161,4,8,1256,3997,923,916,47.15,6,339,20,0
0.001951,3,6,1174,3747,906,902,46.3,6,340,20,0
0.001351,5,10,1478,4691,953,948,48.65,5,341,20,0
0.001867,3,6,1222,3883,928,924,47.4,3,342,20,0
0.001902,2,4,1107,3546,934,930,47.7,2,343,20,0
0.002436,2,4,1199,3740,954,948,48.7,2,344,20,0
0.00135,2,4,1177,3672,937,931,47.85,3,345,20,0
0.003193,1,2,1197,3760,1039,1037,52.95,1,346,20,0
0.003571,2,4,1303,4093,1025,1021,52.25,2,347,20,0
0.001997,3,6,1434,4499,1022,1015,52.1,3,348,20,0
0.001452,2,4,1415,4480,1099,1092,55.95,2,349,20,0
0.00274,4,8,1623,5151,1082,1072,55.1,4,350,20,0
0.004585,5,10,1799,5708,1115,1106,56.75,5,351,20,0
0.004928,4,8,1655,5262,1120,1111,57,4,352,20,0
0.002653,3,6,1459,4667,1090,1086,55.5,3,353,20,0
0.001246,4,8,1544,4927,1079,1076,54.95,4,354,20,0
0.001921,2,4,1326,4258,1091,1089,55.55,2,355,20,0
0.001614,1,2,1199,3853,1116,1114,56.8,1,356,20,0
0.002041,2,4,1305,4192,1098,1094,55.9,2,357,20,0
0.002197,1,2,1177,3782,1078,1074,54.9,1,358,20,0
0.001283,4,8,1481,4724,1061,1054,54.05,5,359,20,0
0.001765,5,10,1539,4933,1031,1022,52.55,6,360,20,0
0.00269,5,10,1532,4926,1045,1036,53.25,7,361,20,0
0.004963,6,12,1602,5149,1070,1061,54.5,6,362,20,0
0.00167,5,10,1487,4794,1046,1041,53.3,5,363,20,0
0.005182,3,6,1250,4028,999,995,50.95,3,364,20,0
0.001285,2,4,1140,3673,979,977,49.95,2,365,20,0
0.001296,1,2,1060,3420,989,987,50.45,1,366,20,0
0.001084,0,1,992,3201,969,967,49.45,0,367,20,0
0.001961,0,1,962,3106,942,940,48.1,0,368,20,0
0.001742,0,1,973,3142,953,951,48.65,0,369,20,0
0.001474,0,1,955,3078,935,933,47.75,0,370,20,0
0.000858,0,1,921,2968,901,899,46.05,0,371,20,0
0.000906,0,1,901,2903,881,879,45.05,0,372,20,0
0.002803,0,1,881,2834,861,859,44.05,0,373,20,0
0.001084,2,4,978,3153,856,850,43.8,2,374,20,0
0.002054,3,6,1132,3629,849,842,43.45,6,375,20,0
0.0037,6,12,1437,4604,880,872,45,7,376,20,0
0.002373,6,12,1436,4615,871,863,44.55,7,377,20,0
0.002301,5,10,1293,4156,859,851,43.95,6,378,20,0
0.001399,1,2,918,2962,832,830,42.6,1,379,20,0
0.001111,1,2,964,3111,886,885,45.3,1,380,20,0
0.000761,0,1,956,3099,936,936,47.8,0,381,20,0
0.000744,0,1,937,3040,917,917,46.85,0,382,20,0
0.001036,3,6,1193,3843,926,922,47.3,3,383,20,0
0.00105,2,4,1061,3419,908,902,46.4,3,384,20,0
0.000883,2,4,1035,3338,888,882,45.4,3,385,20,0
0.001867,2,4,1012,3266,868,863,44.4,3,386,20,0
0.00355,3,6,1137,3650,863,856,44.15,5,387,20,0
0.002091,2,4,1099,3534,904,899,46.2,2,388,20,0
0.001777,2,4,1106,3573,933,929,47.65,2,389,20,0
0.001095,2,5,1168,3778,929,925,47.45,3,390,20,0
0.00237,5,10,1399,4521,917,909,46.85,5,391,20,0
0.001424,4,8,1298,4185,910,904,46.5,4,392,20,0
0.002663,4,8,1280,4114,890,884,45.5,4,393,20,0
0.001291,4,8,1326,4278,890,884,45.5,4,394,20,0
0.001415,5,11,1432,4641,872,864,44.6,5,395,20,0
0.001821,3,7,1195,3861,872,868,44.6,4,396,20,0
0.002293,3,6,1146,3702,872,866,44.6,4,397,20,0
0.001043,3,6,1148,3714,880,875,45,4,398,20,0
0.002508,3,7,1118,3596,860,856,44,4,399,20,0
0.001671,2,5,1074,3480,900,898,46,2,400,20,0
0.00167,3,7,1224,3951,941,940,48.05,3,401,20,0
0.001999,2,5,1115,3609,924,924,47.2,2,402,20,0
0.000975,2,5,1129,3658,916,914,46.8,2,403,20,0
0.001193,1,2,995,3230,924,922,47.2,1,404,20,0
0.000748,0,1,928,3010,908,908,46.4,0,405,20,0
0.000794,0,1,914,2960,894,894,45.7,0,406,20,0
0.001028,0,1,979,3163,959,959,48.95,0,407,20,0
0.000816,0,1,985,3178,965,965,49.25,0,408,20,0
0.00079,0,1,945,3049,925,925,47.25,0,409,20,0
0.000888,0,1,1042,3368,1022,1022,52.1,0,410,20,0
0.000868,0,1,1027,3321,1007,1007,51.35,0,411,20,0
0.00079,0,1,1008,3248,988,988,50.4,0,412,20,0
0.000971,1,2,1051,3403,1006,1004,51.3,1,413,20,0
0.001112,2,4,1209,3879,978,975,49.9,2,414,20,0
0.000829,1,2,1039,3373,994,992,50.7,1,415,20,0
0.002027,1,2,1013,3291,969,967,49.45,1,416,20,0
0.003577,1,2,1067,3470,991,989,50.55,1,417,20,0
0.001163,2,4,1112,3603,947,947,48.35,2,418,20,0
0.001481,3,6,1234,4000,979,977,49.95,3,419,20,0
0.002025,3,7,1256,4075,951,949,48.55,4,420,20,0
0.003084,4,8,1347,4339,960,954,49,4,421,20,0
0.004517,5,10,1497,4812,992,988,50.6,4,422,20,0
0.001902,4,8,1425,4581,1022,1019,52.1,4,423,20,0
0.001679,5,10,1455,4653,993,988,50.65,5,424,20,0
0.002811,4,8,1484,4804,1095,1093,55.75,4,425,20,0
0.001851,3,6,1408,4561,1121,1116,57.05,4,426,20,0
0.001267,3,6,1385,4483,1086,1080,55.3,4,427,20,0
0.001769,4,8,1432,4593,1055,1047,53.75,4,428,20,0
0.00165,3,6,1331,4312,1032,1028,52.6,4,429,20,0
0.00287,3,6,1390,4493,1052,1046,53.6,4,430,20,0
0.006395,7,14,1737,5562,1006,997,51.3,8,431,20,0
0.001748,5,10,1832,5906,1052,1047,53.6,7,432,20,0
0.001995,5,10,1586,5132,1020,1013,52,5,433,20,0
0.001257,3,6,1315,4268,1034,1030,52.7,3,434,20,0
0.003577,3,6,1294,4200,1021,1017,52.05,3,435,20,0
0.003899,3,6,1198,3895,960,955,49,3,436,20,0
0.00266,1,2,1082,3522,982,980,50.1,1,437,20,0
0.001777,2,4,1171,3820,998,998,50.9,2,438,20,0
0.001619,2,4,1222,3951,1081,1081,55.05,2,439,20,0
0.001418,4,8,1435,4663,1071,1071,54.55,4,440,20,0
0.002092,4,8,1506,4865,1097,1094,55.85,5,441,20,0
0.001784,4,8,1489,4835,1084,1081,55.2,5,442,20,0
0.002242,3,6,1396,4521,1087,1086,55.35,3,443,20,0
0.002512,3,7,1430,4606,1053,1049,53.65,4,444,20,0
0.001335,3,6,1481,4785,1117,1114,56.85,3,445,20,0
0.002542,2,4,1313,4239,1109,1107,56.45,2,446,20,0
0.001379,2,4,1303,4186,1091,1089,55.55,2,447,20,0
0.002604,2,4,1313,4232,1112,1110,56.6,2,448,20,0
0.001987,2,4,1288,4156,1098,1096,55.9,3,449,20,0
0.001946,1,2,1158,3737,1087,1085,55.35,1,450,20,0
0.000977,1,3,1193,3852,1104,1102,56.2,2,451,20,0
0.001183,3,6,1394,4499,1148,1147,58.4,3,452,20,0
0.001432,4,8,1557,5046,1166,1163,59.3,3,453,20,0
0.002917,2,4,1282,4146,1095,1092,55.75,2,454,20,0
0.002452,2,4,1265,4089,1082,1079,55.1,2,455,20,0
0.003447,3,7,1448,4678,1067,1062,54.35,4,456,20,0
0.003506,2,5,1313,4216,1070,1065,54.5,4,457,20,0
0.001169,1,3,1174,3758,1058,1053,53.9,2,458,20,0
0.004387,4,8,1423,4614,1044,1037,53.2,3,459,20,0
0.00143,3,6,1394,4483,1061,1055,54.05,3,460,20,0
0.00199,3,6,1394,4488,1062,1056,54.1,3,461,20,0
0.001582,3,6,1410,4488,1030,1023,52.5,4,462,20,0
0.002304,5,10,1648,5274,1061,1053,54.05,4,463,20,0
0.001458,4,9,1570,5025,1048,1042,53.4,4,464,20,0
0.001611,2,4,1221,3936,1004,1000,51.2,3,465,20,0
0.001465,3,6,1342,4298,991,986,50.55,3,466,20,0
0.002881,2,4,1200,3874,997,993,50.85,2,467,20,0
0.001727,2,4,1161,3745,967,963,49.35,2,468,20,0
0.001142,2,4,1142,3669,971,968,49.55,3,469,20,0
0.001885,3,6,1221,3908,960,955,49,4,470,20,0
0.00389,1,2,1019,3281,942,941,48.1,1,471,20,0
0.002571,0,1,1000,3226,980,980,50,0,472,20,0
0.000848,0,1,1069,3462,1049,1049,53.45,0,473,20,0
0.004455,1,3,1141,3679,1020,1019,52,1,474,20,0
0.004687,0,1,1034,3341,1014,1014,51.7,0,475,20,0
0.003639,1,2,1064,3441,985,985,50.25,1,476,20,0
0.003036,1,2,1052,3399,974,974,49.7,1,477,20,0
0.001322,1,3,1047,3389,951,949,48.55,1,478,20,0
0.002829,2,4,1067,3442,946,944,48.3,2,479,20,0
0.001396,2,4,1109,3567,941,940,48.05,2,480,20,0
0.004302,8,16,1887,5925,982,973,50.1,7,481,20,0
0.002578,5,10,1616,5124,981,971,50.05,7,482,20,0
0.002277,6,12,1684,5341,989,979,50.45,8,483,20,0
0.004596,6,12,1624,5195,953,947,48.65,8,484,20,0
0.002965,5,10,1522,4866,940,933,48,5,485,20,0
0.001129,4,8,1375,4419,982,978,50.1,5,486,20,0
0.001575,4,8,1313,4253,961,959,49.05,4,487,20,0
0.003698,5,10,1461,4716,998,996,50.9,5,488,20,0
0.002825,1,2,1040,3364,961,959,49.05,1,489,20,0
0.001601,2,4,1104,3557,944,941,48.2,2,490,20,0
0.00103,0,1,977,3163,957,957,48.85,0,491,20,0
0.001023,1,2,993,3208,956,952,48.8,1,492,20,0
0.002839,1,2,1009,3267,956,956,48.8,1,493,20,0
0.002397,1,2,973,3154,917,917,46.85,1,494,20,0
0.004917,3,6,1129,3634,935,930,47.75,3,495,20,0
0.005474,4,8,1262,4056,909,904,46.45,4,496,20,0
0.00117,5,10,1305,4211,892,885,45.6,6,497,20,0
0.003166,6,12,1413,4549,909,900,46.45,6,498,20,0
0.003347,7,14,1755,5628,903,892,46.15,8,499,20,0
0.001582,1,2,1493,4969,1419,1418,57.76,1,0,25,0
0.002267,1,2,1465,4856,1392,1391,56.68,1,1,25,0
0.002089,1,2,1459,4809,1387,1386,56.48,1,2,25,0
0.003697,2,4,1520,5019,1327,1327,54.08,3,3,25,0
0.004708,2,4,1562,5134,1318,1318,53.72,2,4,25,0
0.003225,2,5,1597,5220,1293,1293,52.72,2,5,25,0
0.001698,2,5,1612,5253,1314,1314,53.56,2,6,25,0
0.001473,3,6,1618,5267,1281,1281,52.24,3,7,25,0
0.002544,0,0,1443,4815,1418,1418,57.72,0,0,25,0,5
0.002708,0,0,1416,4703,1391,1391,56.64,0,1,25,0,5
0.002035,0,0,1411,4657,1386,1386,56.44,0,2,25,0,5
0.004681,1,2,1490,4937,1327,1327,54.08,2,3,25,0,5
0.001431,0,0,1343,4418,1318,1318,53.72,0,4,25,0,5
0.001383,0,0,1318,4338,1293,1293,52.72,0,5,25,0,5
0.001174,0,0,1339,4393,1314,1314,53.56,0,6,25,0,5
0.002093,1,2,1416,4641,1281,1281,52.24,1,7,25,0,5
0.001518,0,0,1297,4224,1272,1272,51.88,0,8,25,0,5
0.003152,0,0,1256,4090,1231,1231,50.24,0,9,25,0,5
0.003382,0,0,1300,4219,1275,1275,52,0,10,25,0,5
0.002092,0,0,1281,4161,1256,1256,51.24,0,11,25,0,5
0.000979,0,0,1361,4426,1336,1336,54.44,0,12,25,0,5
0.003723,0,0,1384,4507,1359,1359,55.36,0,13,25,0,5
0.003344,0,0,1371,4479,1346,1346,54.84,0,14,25,0,5
0.001322,0,0,1334,4351,1309,1309,53.36,0,15,25,0,5
0.001498,0,0,1360,4432,1335,1335,54.4,0,16,25,0,5
0.00114,1,2,1454,4750,1309,1309,53.36,1,17,25,0,5
0.001269,2,4,1551,5087,1321,1321,53.84,2,18,25,0,5
0.002454,17,34,3018,10051,1321,1321,53.84,3,19,25,0,5
0.017553,141,282,18032,60097,1364,1364,55.56,5,20,25,0,5
0.073509,647,1294,77478,253469,1348,1348,54.92,6,21,25,0,5
0.231215,2186,4372,266381,863165,1365,1365,55.6,8,22,25,0,5
0.469475,4491,8982,542862,1770263,1380,1380,56.2,7,23,25,0,5
0.031732,276,552,33335,110304,1391,1391,56.64,8,24,25,0,5
0.002505,15,30,3022,9882,1369,1369,55.76,3,25,25,0,5
0.002226,8,16,2346,7701,1344,1344,54.76,3,26,25,0,5
0.002662,2,4,1629,5333,1328,1328,54.12,3,27,25,0,5
0.004287,1,2,1477,4825,1305,1305,53.2,2,28,25,0,5
0.001907,3,6,1696,5547,1308,1308,53.32,4,29,25,0,5
0.007811,11,22,2664,8774,1325,1325,54,5,30,25,0,5
0.004119,21,42,3444,11297,1331,1331,54.24,5,31,25,0,5
0.021621,111,222,11381,36797,1336,1336,54.44,5,32,25,0,5
0.029274,224,448,25426,81940,1366,1366,55.64,7,33,25,0,5
0.01218,59,118,7716,25043,1365,1365,55.6,4,34,25,0,5
0.006135,19,38,3335,10868,1366,1366,55.64,3,35,25,0,5
0.039883,255,510,30449,98666,1374,1374,55.96,5,36,25,0,5
0.041275,281,562,34785,113545,1373,1373,55.92,4,37,25,0,5
0.140932,1293,2586,169639,541298,1462,1462,59.48,8,38,25,0,5
2.36517,20615,41230,2584958,8352622,1443,1443,58.72,10,39,25,0,5
9.97779,84938,169876,10380188,33892945,1420,1420,57.8,9,40,25,0,5
0.225769,259,518,31705,103933,1376,1376,56.04,5,41,25,0,5
0.019907,72,144,10673,35261,1409,1409,57.36,3,42,25,0,5
0.022309,111,222,15047,49119,1480,1480,60.2,4,43,25,0,5
0.022873,63,126,9183,30072,1454,1454,59.16,3,44,25,0,5
0.015829,69,138,9589,31273,1421,1421,57.84,4,45,25,0,5
0.047262,203,406,28953,94744,1506,1506,61.24,5,46,25,0,5
0.100064,688,1376,94213,310571,1523,1523,61.92,8,47,25,0,5
0.076655,499,998,74076,239189,1501,1501,61.04,6,48,25,0,5
0.042726,231,462,34714,112012,1479,1479,60.16,5,49,25,0,5
0.024287,137,274,21117,68303,1496,1496,60.84,6,50,25,0,5
0.005316,15,30,3656,11862,1468,1468,59.72,3,51,25,0,5
0.026243,131,262,20418,66103,1462,1462,59.48,5,52,25,0,5
0.015389,63,126,11332,36714,1429,1429,58.16,3,53,25,0,5
0.008647,33,65,6300,20569,1405,1405,57.2,3,54,25,0,5
0.02755,129,258,19444,63186,1402,1402,57.08,4,55,25,0,5
0.025428,140,280,20655,67254,1431,1431,58.24,5,56,25,0,5
0.041987,257,510,26463,86119,1419,1419,57.76,6,57,25,0,5
0.008683,39,78,5257,16997,1438,1438,58.52,3,58,25,0,5
0.003324,4,8,1874,6137,1384,1384,56.36,2,59,25,0,5
0.002279,5,10,1951,6393,1362,1362,55.48,3,60,25,0,5
0.002032,5,10,1904,6179,1350,1350,55,2,61,25,0,5
0.001731,4,8,1730,5605,1321,1321,53.84,1,62,25,0,5
0.002004,3,6,1764,5753,1319,1319,53.76,1,63,25,0,5
0.002558,8,16,2194,7151,1322,1322,53.88,2,64,25,0,5
0.010827,63,126,7483,24088,1318,1318,53.72,3,65,25,0,5
0.009537,63,126,7912,25340,1345,1345,54.8,3,66,25,0,5
0.015393,127,254,14145,45389,1321,1321,53.84,4,67,25,0,5
0.004996,35,70,4506,14526,1297,1297,52.88,3,68,25,0,5
0.011606,63,126,7325,23991,1304,1304,53.16,4,69,25,0,5
0.007752,37,74,4646,15391,1270,1270,51.8,4,70,25,0,5
0.031562,255,510,25672,82755,1310,1310,53.4,5,71,25,0,5
0.022043,159,318,16841,53878,1316,1316,53.64,6,72,25,0,5
0.035394,325,650,32343,104926,1300,1300,53,5,73,25,0,5
0.032184,223,446,23444,76539,1300,1300,53,6,74,25,0,5
0.053046,448,896,44277,145018,1277,1277,52.08,6,75,25,0,5
0.038061,295,590,31236,102432,1254,1254,51.16,6,76,25,0,5
0.006543,35,70,4562,14884,1234,1234,50.36,3,77,25,0,5
0.005381,31,62,4091,13362,1209,1209,49.36,3,78,25,0,5
0.011177,72,144,7949,25613,1187,1187,48.48,4,79,25,0,5
0.041497,422,844,40417,129484,1229,1229,50.16,5,80,25,0,5
0.054952,513,1026,55550,181374,1191,1191,48.64,5,81,25,0,5
0.060067,518,1036,55725,182749,1179,1179,48.16,7,82,25,0,5
0.00526,48,96,5649,18598,1209,1209,49.36,7,83,25,0,5
0.00318,7,14,1876,6164,1185,1185,48.4,6,84,25,0,5
0.001654,1,2,1349,4410,1219,1219,49.76,2,85,25,0,5
0.002144,2,4,1549,5083,1300,1300,53,3,86,25,0,5
0.00197,2,4,1499,4898,1276,1276,52.04,2,87,25,0,5
0.003306,15,30,2783,9008,1253,1253,51.12,3,88,25,0,5
0.005602,49,98,6850,21886,1230,1230,50.2,3,89,25,0,5
0.031176,192,384,23547,75766,1298,1298,52.92,5,90,25,0,5
0.011411,63,126,8290,27118,1358,1358,55.32,3,91,25,0,5
0.004652,32,64,4832,15891,1311,1311,53.44,5,92,25,0,5
0.002588,15,30,2950,9805,1296,1296,52.84,3,93,25,0,5
0.002004,7,14,2050,6840,1313,1313,53.52,3,94,25,0,5
0.002775,15,30,2702,8988,1335,1335,54.4,4,95,25,0,5
0.001377,3,6,1557,5118,1316,1316,53.64,2,96,25,0,5
0.0023,15,30,2608,8547,1303,1303,53.12,3,97,25,0,5
0.003067,8,16,2078,6842,1314,1314,53.56,3,98,25,0,5
0.002895,4,8,1770,5839,1285,1285,52.4,2,99,25,0,5
0.009623,57,114,7821,25757,1275,1275,52,4,100,25,0,5
0.025938,158,316,20185,66440,1259,1259,51.36,4,101,25,0,5
0.006083,27,54,4555,14983,1281,1281,52.24,3,102,25,0,5
0.003489,15,30,2999,9895,1261,1261,51.44,2,103,25,0,5
0.00363,15,30,2920,9607,1225,1225,50,2,104,25,0,5
0.001752,1,2,1386,4547,1261,1261,51.44,1,105,25,0,5
0.002543,7,14,2014,6540,1239,1239,50.56,3,106,25,0,5
0.005019,36,72,5305,16927,1284,1284,52.36,5,107,25,0,5
0.01483,94,188,10949,34621,1248,1248,50.92,5,108,25,0,5
0.011041,93,186,10551,33745,1244,1244,50.76,5,109,25,0,5
0.010037,83,160,8890,28668,1227,1227,50.08,5,110,25,0,5
0.003093,12,24,2449,7958,1202,1202,49.08,5,111,25,0,5
0.000966,1,2,1270,4127,1158,1158,47.32,1,112,25,0,5
0.001599,1,2,1313,4253,1203,1203,49.12,1,113,25,0,5
0.001611,3,6,1512,4896,1191,1191,48.64,3,114,25,0,5
0.002582,3,6,1529,4971,1191,1191,48.64,3,115,25,0,5
0.001793,4,8,1637,5311,1224,1224,49.96,4,116,25,0,5
0.005263,47,94,4783,15518,1199,1199,48.96,5,117,25,0,5
0.012098,102,204,8342,27233,1177,1177,48.08,6,118,25,0,5
0.0055,28,56,3143,10287,1180,1180,48.2,5,119,25,0,5
0.003454,16,32,2692,8784,1288,1288,52.52,4,120,25,0,5
0.001963,8,16,2038,6677,1309,1309,53.36,4,121,25,0,5
0.001534,2,4,1535,4999,1299,1299,52.96,2,122,25,0,5
0.00134,2,4,1506,4897,1274,1274,51.96,2,123,25,0,5
0.001247,3,6,1614,5226,1258,1258,51.32,2,124,25,0,5
0.001646,8,16,2109,6832,1234,1234,50.36,3,125,25,0,5
0.010905,79,158,10474,33822,1232,1232,50.28,5,126,25,0,5
0.020023,95,190,12530,40079,1201,1201,49.04,5,127,25,0,5
0.011361,95,190,12229,39425,1188,1188,48.52,5,128,25,0,5
0.00202,12,24,2512,8158,1177,1177,48.08,4,129,25,0,5
0.001402,5,10,1718,5569,1163,1163,47.52,4,130,25,0,5
0.001536,2,4,1354,4382,1138,1138,46.52,2,131,25,0,5
0.000973,1,2,1293,4195,1178,1178,48.12,1,132,25,0,5
0.00218,6,12,1815,5891,1163,1163,47.52,2,133,25,0,5
0.00604,59,118,7100,22926,1195,1195,48.8,4,134,25,0,5
0.009905,64,128,7687,24712,1195,1195,48.8,4,135,25,0,5
0.007558,64,128,7505,24399,1199,1199,48.96,5,136,25,0,5
0.0248,263,526,26507,86233,1180,1180,48.2,6,137,25,0,5
0.020159,128,256,14946,48584,1156,1156,47.24,5,138,25,0,5
0.003568,9,18,2107,6900,1143,1143,46.72,2,139,25,0,5
0.001485,7,14,1866,6123,1116,1116,45.64,2,140,25,0,5
0.003927,15,30,2791,9145,1095,1095,44.8,3,141,25,0,5
0.002174,7,14,1839,6029,1092,1092,44.68,2,142,25,0,5
0.002854,7,14,1934,6244,1081,1081,44.24,2,143,25,0,5
0.003028,19,38,3226,10425,1108,1108,45.32,2,144,25,0,5
0.009379,63,126,7415,23881,1103,1103,45.12,3,145,25,0,5
0.013082,63,126,7182,23053,1096,1096,44.84,4,146,25,0,5
0.018542,132,264,13766,44180,1100,1100,45,5,147,25,0,5
0.007886,73,146,7483,23555,1153,1153,47.12,4,148,25,0,5
0.005666,35,70,4216,13461,1185,1185,48.4,3,149,25,0,5
0.007438,79,158,7639,24234,1189,1189,48.56,3,150,25,0,5
0.026079,223,446,18270,56817,1148,1148,46.92,7,151,25,0,5
0.057615,734,1468,61847,204769,1121,1121,45.84,7,152,25,0,5
0.175312,1600,3200,163618,533445,1215,1215,49.6,9,153,25,0,5
0.050077,319,638,35456,116272,1243,1243,50.72,6,154,25,0,5
0.195267,1319,2638,144539,473501,1208,1208,49.32,8,155,25,0,5
0.752788,6234,12468,694189,2265890,1243,1243,50.72,7,156,25,0,5
0.899245,8639,17278,872705,2826748,1271,1271,51.84,8,157,25,0,5
0.130877,1067,2118,115765,376805,1273,1273,51.92,6,158,25,0,5
0.029453,231,448,23416,76397,1261,1261,51.44,7,159,25,0,5
0.011252,64,128,7624,25132,1297,1297,52.88,5,160,25,0,5
0.006743,40,80,5009,16522,1277,1277,52.08,5,161,25,0,5
0.002537,16,32,3129,10265,1317,1317,53.68,4,162,25,0,5
0.003843,14,28,3029,9936,1329,1329,54.16,3,163,25,0,5
0.004455,16,32,3345,10996,1347,1347,54.88,3,164,25,0,5
0.011525,60,120,8831,28503,1298,1298,52.92,4,165,25,0,5
0.012822,50,100,7493,24283,1277,1277,52.08,3,166,25,0,5
0.004306,15,30,3058,9968,1282,1282,52.28,3,167,25,0,5
0.001448,3,6,1702,5549,1298,1298,52.92,2,168,25,0,5
0.002373,4,8,1773,5775,1263,1263,51.52,3,169,25,0,5
0.001227,1,2,1449,4705,1309,1309,53.36,1,170,25,0,5
0.001632,1,2,1512,4915,1373,1373,55.92,1,171,25,0,5
0.0014,0,0,1350,4386,1325,1325,54,0,172,25,0,5
0.001419,1,2,1470,4755,1326,1326,54.04,1,173,25,0,5
0.002811,4,8,1837,5933,1343,1343,54.72,1,174,25,0,5
0.016005,107,214,14141,46063,1302,1302,53.08,5,175,25,0,5
0.015829,129,258,16237,52584,1327,1327,54.08,4,176,25,0,5
0.017957,127,254,15964,51906,1292,1292,52.68,4,177,25,0,5
0.292992,2507,5014,300242,965330,1312,1312,53.48,8,178,25,0,5
0.573884,4183,8366,497829,1634008,1391,1391,56.64,7,179,25,0,5
0.034389,111,222,16237,53254,1402,1402,57.08,7,180,25,0,5
0.024144,139,278,17965,58377,1369,1369,55.76,7,181,25,0,5
0.050934,455,910,44572,144996,1375,1375,56,8,182,25,0,5
0.064205,461,922,56884,181368,1378,1378,56.12,7,183,25,0,5
0.040603,257,511,30575,97933,1347,1347,54.88,7,184,25,0,5
0.01955,127,254,14660,46433,1317,1317,53.68,4,185,25,0,5
0.030663,237,468,25429,81123,1326,1326,54.04,7,186,25,0,5
0.020036,124,246,13214,42216,1309,1309,53.36,5,187,25,0,5
0.015305,85,170,9382,29736,1311,1311,53.44,4,188,25,0,5
0.005487,27,52,3699,11880,1302,1302,53.08,4,189,25,0,5
0.003982,16,32,2798,9013,1281,1281,52.24,5,190,25,0,5
0.001479,3,6,1554,5012,1249,1249,50.96,2,191,25,0,5
0.001003,0,0,1264,4088,1237,1237,50.48,0,192,25,0,5
0.001011,0,0,1298,4185,1272,1272,51.88,0,193,25,0,5
0.00162,0,0,1284,4128,1259,1259,51.36,0,194,25,0,5
0.001128,0,0,1295,4146,1270,1270,51.8,0,195,25,0,5
0.001977,1,2,1468,4705,1336,1336,54.44,1,196,25,0,5
0.001555,2,4,1625,5229,1360,1360,55.4,2,197,25,0,5
0.004143,20,40,3099,10024,1341,1341,54.64,4,198,25,0,5
0.004144,16,32,2843,9186,1324,1324,53.96,4,199,25,0,5
0.003264,13,26,2461,7944,1278,1278,52.12,4,200,25,0,5
0.017456,119,238,11169,35362,1213,1213,49.52,4,201,25,0,5
0.004719,16,32,2501,8059,1203,1203,49.12,2,202,25,0,5
0.001856,3,6,1458,4692,1178,1178,48.12,2,203,25,0,5
0.001085,3,6,1382,4470,1169,1169,47.76,3,204,25,0,5
0.003893,36,70,3750,12104,1150,1150,47,3,205,25,0,5
0.0014,2,4,1333,4298,1151,1151,47.04,2,206,25,0,5
0.000973,1,2,1273,4104,1147,1147,46.88,1,207,25,0,5
0.007033,30,60,4040,13186,1267,1267,51.68,5,208,25,0,5
0.021058,116,232,11519,36987,1276,1276,52.04,8,209,25,0,5
0.02124,132,264,13269,42904,1276,1276,52.04,6,210,25,0,5
0.222962,1773,3546,191143,616828,1344,1344,54.76,7,211,25,0,5
0.202747,2140,4159,188469,615478,1290,1290,52.6,8,212,25,0,5
0.073295,328,635,35409,116094,1357,1357,55.28,6,213,25,0,5
0.083745,688,1376,68520,225631,1347,1347,54.88,4,214,25,0,5
0.027479,143,286,19165,63529,1334,1334,54.36,4,215,25,0,5
0.094683,511,1022,69186,226088,1318,1318,53.72,7,216,25,0,5
0.253646,2084,4168,249436,806078,1361,1361,55.44,11,217,25,0,5
0.016836,34,68,5716,18640,1306,1306,53.24,5,218,25,0,5
0.008419,17,34,3546,11596,1282,1282,52.28,3,219,25,0,5
0.002021,3,6,1660,5408,1282,1282,52.28,1,220,25,0,5
0.002886,11,22,2433,7904,1309,1309,53.36,3,221,25,0,5
0.001639,1,2,1356,4386,1267,1267,51.68,1,222,25,0,5
0.001893,0,0,1306,4222,1281,1281,52.24,0,223,25,0,5
0.001021,1,2,1401,4547,1267,1267,51.68,1,224,25,0,5
0.001989,4,8,1705,5543,1247,1247,50.88,1,225,25,0,5
0.001933,3,6,1613,5246,1264,1264,51.56,1,226,25,0,5
0.003027,15,30,2486,8067,1259,1259,51.36,2,227,25,0,5
0.00516,32,64,4304,13875,1261,1261,51.44,5,228,25,0,5
0.008629,56,112,6635,20923,1225,1225,50,6,229,25,0,5
0.014779,76,152,8954,28591,1222,1222,49.88,6,230,25,0,5
0.007913,35,70,4665,15093,1229,1229,50.16,5,231,25,0,5
0.001838,2,4,1564,5083,1344,1344,54.76,2,232,25,0,5
0.001057,1,2,1400,4548,1285,1285,52.4,1,233,25,0,5
0.002465,4,8,1853,6017,1302,1302,53.08,2,234,25,0,5
0.001495,4,8,1820,5916,1277,1277,52.08,2,235,25,0,5
0.005553,20,40,3680,11906,1254,1254,51.16,3,236,25,0,5
0.002228,6,12,2015,6541,1305,1305,53.2,2,237,25,0,5
0.002907,6,12,2060,6662,1355,1355,55.2,2,238,25,0,5
0.001439,3,6,1651,5345,1338,1338,54.52,1,239,25,0,5
0.002874,11,22,2454,7953,1351,1351,55.04,3,240,25,0,5
0.001317,3,6,1670,5420,1354,1354,55.16,1,241,25,0,5
0.001338,3,6,1627,5286,1325,1325,54,1,242,25,0,5
0.001996,3,6,1623,5258,1318,1318,53.72,1,243,25,0,5
0.001408,3,6,1563,5067,1279,1279,52.16,1,244,25,0,5
0.001445,0,0,1285,4162,1260,1260,51.4,0,245,25,0,5
0.001776,3,6,1479,4774,1268,1268,51.72,1,246,25,0,5
0.002379,3,6,1500,4838,1260,1260,51.4,1,247,25,0,5
0.001958,3,6,1569,5053,1301,1301,53.04,1,248,25,0,5
0.001431,3,6,1517,4903,1291,1291,52.64,1,249,25,0,5
0.002705,9,18,2201,7109,1322,1322,53.88,3,250,25,0,5
0.003427,9,18,2395,7746,1297,1297,52.88,2,251,25,0,5
0.001711,5,10,1884,6101,1276,1276,52.04,2,252,25,0,5
0.018433,111,222,15222,48431,1257,1257,51.28,4,253,25,0,5
0.030337,234,468,29046,94051,1220,1220,49.8,5,254,25,0,5
0.016686,69,138,9627,30982,1212,1212,49.48,3,255,25,0,5
0.017156,127,254,16060,51764,1265,1265,51.6,5,256,25,0,5
0.015942,131,262,14505,46966,1260,1260,51.4,6,257,25,0,5
0.006222,15,30,2610,8458,1274,1274,51.96,4,258,25,0,5
0.003188,15,30,2460,7907,1253,1253,51.12,3,259,25,0,5
0.003557,15,30,2454,7854,1269,1269,51.76,3,260,25,0,5
0.002003,15,30,2609,8424,1245,1245,50.8,3,261,25,0,5
0.002665,16,32,2948,9634,1238,1238,50.52,3,262,25,0,5
0.029586,259,518,31512,103539,1251,1251,51.04,6,263,25,0,5
0.004409,35,70,5177,16885,1289,1289,52.56,5,264,25,0,5
0.009988,69,138,9004,29360,1273,1273,51.92,7,265,25,0,5
0.00367,26,52,4078,13290,1268,1268,51.72,5,266,25,0,5
0.002471,7,14,2008,6549,1259,1259,51.36,5,267,25,0,5
0.002271,3,6,1612,5270,1258,1258,51.32,3,268,25,0,5
0.001472,2,4,1517,4953,1272,1272,51.88,2,269,25,0,5
0.001984,2,4,1522,4961,1289,1289,52.56,2,270,25,0,5
0.0014,0,0,1312,4274,1284,1284,52.36,0,271,25,0,5
0.001249,0,0,1289,4193,1260,1260,51.4,0,272,25,0,5
0.000993,0,0,1303,4239,1276,1276,52.04,0,273,25,0,5
0.002162,0,0,1257,4079,1232,1232,50.28,0,274,25,0,5
0.001652,0,0,1245,4035,1220,1220,49.8,0,275,25,0,5
0.003327,7,14,2013,6464,1280,1280,52.2,1,276,25,0,5
0.002488,8,16,1881,5993,1257,1257,51.28,1,277,25,0,5
0.002824,7,14,1991,6460,1260,1260,51.4,1,278,25,0,5
0.002459,7,14,1907,6128,1291,1291,52.64,1,279,25,0,5
0.002556,3,6,1608,5197,1299,1299,52.96,1,280,25,0,5
0.001733,1,2,1384,4482,1281,1281,52.24,1,281,25,0,5
0.00229,3,6,1610,5214,1284,1284,52.36,1,282,25,0,5
0.001299,0,0,1289,4174,1264,1264,51.56,0,283,25,0,5
0.001268,1,2,1415,4581,1280,1280,52.2,1,284,25,0,5
0.001438,3,6,1562,5043,1224,1224,49.96,2,285,25,0,5
0.00426,16,32,2927,9461,1254,1254,51.16,3,286,25,0,5
0.003737,11,22,2397,7795,1238,1238,50.52,3,287,25,0,5
0.002563,7,14,1977,6464,1252,1252,51.08,2,288,25,0,5
0.003198,7,14,1903,6223,1190,1190,48.6,3,289,25,0,5
0.001018,1,2,1292,4213,1177,1177,48.08,1,290,25,0,5
0.001703,1,2,1301,4260,1188,1188,48.52,1,291,25,0,5
0.004747,64,128,5032,15752,1164,1164,47.56,3,292,25,0,5
0.012673,127,254,10587,33979,1192,1192,48.68,5,293,25,0,5
0.006714,63,126,5908,18687,1180,1180,48.2,4,294,25,0,5
0.037481,468,915,34825,110792,1165,1165,47.6,6,295,25,0,5
0.055501,530,1060,42514,135877,1201,1201,49.04,7,296,25,0,5
0.002334,3,6,1551,5087,1205,1205,49.2,2,297,25,0,5
0.002413,8,16,2020,6640,1200,1200,49,4,298,25,0,5
0.003591,15,30,2794,9198,1243,1243,50.72,4,299,25,0,5
0.001403,7,14,1704,5532,1198,1198,48.92,2,300,25,0,5
0.0048,31,62,4259,13599,1180,1180,48.2,3,301,25,0,5
0.004226,33,66,3941,12659,1137,1137,46.48,5,302,25,0,5
0.002001,3,6,1502,4850,1146,1146,46.84,3,303,25,0,5
0.002014,4,8,1646,5315,1199,1199,48.96,3,304,25,0,5
0.001891,3,6,1515,4894,1171,1171,47.84,3,305,25,0,5
0.001763,1,2,1313,4262,1181,1181,48.24,1,306,25,0,5
0.002629,7,14,1920,6281,1150,1150,47,2,307,25,0,5
0.001796,7,14,1948,6361,1169,1169,47.76,2,308,25,0,5
0.00752,31,62,4621,14986,1196,1196,48.84,2,309,25,0,5
0.051438,511,1022,49160,158285,1246,1246,50.84,4,310,25,0,5
0.007129,31,62,4468,14625,1206,1206,49.24,4,311,25,0,5
0.002645,7,14,2055,6698,1190,1190,48.6,2,312,25,0,5
0.004975,15,30,3009,9734,1178,1178,48.12,2,313,25,0,5
0.021835,159,318,17704,57541,1197,1197,48.88,4,314,25,0,5
0.013814,76,152,8863,28522,1201,1201,49.04,6,315,25,0,5
0.117066,1089,2178,109955,350558,1245,1245,50.8,8,316,25,0,5
0.409169,4339,8678,416190,1324962,1226,1226,50.04,10,317,25,0,5
0.784438,7280,14334,656189,2116106,1234,1234,50.36,9,318,25,0,5
0.006432,37,74,4266,13984,1244,1244,50.76,8,319,25,0,5
0.005129,20,40,2967,9725,1224,1224,49.96,7,320,25,0,5
0.005451,27,54,4049,13293,1220,1220,49.8,7,321,25,0,5
0.011629,45,90,5940,19308,1265,1265,51.6,4,322,25,0,5
0.014477,96,192,10126,32721,1247,1247,50.88,7,323,25,0,5
0.020234,114,228,12229,39200,1232,1232,50.28,6,324,25,0,5
0.034358,249,498,26907,86472,1224,1224,49.96,7,325,25,0,5
0.019665,105,210,13462,44136,1278,1278,52.12,8,326,25,0,5
0.183943,1101,2202,140631,461210,1269,1269,51.76,6,327,25,0,5
0.071529,263,526,34845,111775,1300,1300,53,3,328,25,0,5
0.017075,47,94,7268,23571,1261,1261,51.44,4,329,25,0,5
0.008661,48,96,5587,18143,1219,1219,49.76,4,330,25,0,5
0.002438,3,6,1529,4994,1213,1213,49.52,1,331,25,0,5
0.003827,15,30,2457,8011,1239,1239,50.56,3,332,25,0,5
0.003158,7,14,1883,6140,1188,1188,48.52,2,333,25,0,5
0.005802,27,54,3821,12553,1194,1194,48.76,4,334,25,0,5
0.010896,58,116,6847,22368,1227,1227,50.08,5,335,25,0,5
0.004035,15,30,2841,9292,1258,1258,51.32,2,336,25,0,5
0.008462,40,80,5241,17372,1229,1229,50.16,5,337,25,0,5
0.060333,463,926,48329,158195,1179,1179,48.16,5,338,25,0,5
0.017342,103,206,11774,38217,1172,1172,47.88,5,339,25,0,5
0.026336,205,410,19469,64452,1228,1228,50.12,6,340,25,0,5
0.117895,1053,2064,86779,281167,1216,1216,49.64,5,341,25,0,5
0.011843,64,128,6340,20497,1179,1179,48.16,4,342,25,0,5
0.021281,132,264,12807,40910,1236,1236,50.44,5,343,25,0,5
0.013866,67,134,7598,24650,1261,1261,51.44,6,344,25,0,5
0.005592,21,42,3283,10791,1256,1256,51.24,5,345,25,0,5
0.003663,8,16,2072,6865,1259,1259,51.36,3,346,25,0,5
0.003221,5,10,1765,5806,1234,1234,50.36,3,347,25,0,5
0.001901,2,4,1453,4754,1209,1209,49.36,2,348,25,0,5
0.002596,1,2,1427,4681,1288,1288,52.52,1,349,25,0,5
0.002461,2,4,1542,5044,1310,1310,53.4,2,350,25,0,5
0.003749,2,4,1587,5208,1341,1341,54.64,2,351,25,0,5
0.003169,3,6,1798,5924,1387,1387,56.48,3,352,25,0,5
0.001915,2,4,1602,5268,1362,1362,55.48,2,353,25,0,5
0.003868,3,6,1686,5534,1369,1369,55.76,3,354,25,0,5
0.00185,3,6,1634,5370,1354,1354,55.16,3,355,25,0,5
0.003957,10,20,2392,7782,1333,1333,54.32,4,356,25,0,5
0.003585,15,30,2856,9235,1309,1309,53.36,4,357,25,0,5
0.014892,78,156,9641,30529,1286,1286,52.44,5,358,25,0,5
0.016657,74,148,12648,33877,1262,1262,51.48,6,359,25,0,5
0.007487,16,32,5077,12412,1239,1239,50.56,4,360,25,0,5
0.004054,5,10,2321,6408,1240,1240,50.6,3,361,25,0,5
0.016272,51,98,7598,21145,1188,1188,48.52,5,362,25,0,5
0.013909,55,110,7827,22789,1158,1158,47.32,4,363,25,0,5
0.02926,91,182,16211,43828,1173,1173,47.92,6,364,25,0,5
0.024825,98,196,17627,46417,1140,1140,46.6,5,365,25,0,5
0.016219,111,202,12033,36996,1173,1173,47.92,5,366,25,0,5
0.015294,63,126,7905,25738,1146,1146,46.84,4,367,25,0,5
0.014369,77,154,10986,35780,1132,1132,46.28,3,368,25,0,5
0.004563,15,30,3284,10783,1155,1155,47.2,2,369,25,0,5
0.008976,31,62,5377,17464,1209,1209,49.36,5,370,25,0,5
0.019734,127,254,15427,47775,1167,1167,47.68,5,371,25,0,5
0.004916,19,38,3706,10842,1202,1202,49.08,5,372,25,0,5
0.003927,17,34,2918,9131,1147,1147,46.88,4,373,25,0,5
0.079745,611,1222,67197,204740,1186,1186,48.44,5,374,25,0,5
0.004938,28,51,3596,11548,1171,1171,47.84,3,375,25,0,5
0.021457,163,322,17673,57445,1160,1160,47.4,4,376,25,0,5
0.004638,23,46,3765,12247,1162,1162,47.48,3,377,25,0,5
0.002846,15,30,2672,8751,1136,1136,46.44,2,378,25,0,5
0.004367,31,62,3384,11044,1132,1132,46.28,4,379,25,0,5
0.003421,7,14,1646,5386,1079,1079,44.16,3,380,25,0,5
0.001318,1,2,1177,3843,1063,1063,43.52,1,381,25,0,5
0.001981,1,2,1144,3743,1058,1058,43.32,1,382,25,0,5
0.001646,7,14,1516,4954,1030,1030,42.2,3,383,25,0,5
0.001622,5,10,1506,4912,1040,1040,42.6,2,384,25,0,5
0.002534,11,22,2198,7109,1131,1131,46.24,3,385,25,0,5
0.002835,5,10,1577,5148,1127,1127,46.08,2,386,25,0,5
0.004351,27,54,2848,9271,1130,1130,46.2,5,387,25,0,5
0.005077,31,62,4003,13003,1112,1112,45.48,2,388,25,0,5
0.009294,66,132,8631,28271,1191,1191,48.64,5,389,25,0,5
0.105824,749,1498,86050,282878,1163,1163,47.52,6,390,25,0,5
0.056909,429,858,49052,162877,1173,1173,47.92,6,391,25,0,5
0.019522,127,254,15441,51256,1146,1146,46.84,6,392,25,0,5
0.006592,31,62,5030,16251,1136,1136,46.44,3,393,25,0,5
0.008509,31,62,5115,16626,1147,1147,46.88,3,394,25,0,5
0.012981,27,54,4334,14037,1184,1184,48.36,4,395,25,0,5
0.063992,511,1022,51129,162974,1116,1116,45.64,4,396,25,0,5
0.003227,18,36,3282,10637,1119,1119,45.76,3,397,25,0,5
0.010387,63,126,6470,21165,1076,1076,44.04,5,398,25,0,5
0.012017,68,136,7646,24942,1076,1076,44.04,6,399,25,0,5
0.031448,255,510,25787,83896,1071,1071,43.84,5,400,25,0,5
0.281005,2455,4910,241136,764418,1084,1084,44.36,6,401,25,0,5
0.165106,1069,2138,114534,367792,1149,1149,46.96,7,402,25,0,5
1.01365,7196,14392,729726,2357895,1153,1153,47.12,7,403,25,0,5
0.036626,138,270,16253,53079,1128,1128,46.12,6,404,25,0,5
0.005579,33,66,4586,14978,1112,1112,45.48,6,405,25,0,5
0.003076,9,18,2085,6848,1123,1123,45.92,4,406,25,0,5
0.004983,16,32,2529,8233,1122,1122,45.88,3,407,25,0,5
0.005997,15,30,2227,7291,1100,1100,45,6,408,25,0,5
0.004104,14,28,2414,7994,1140,1140,46.6,3,409,25,0,5
0.015353,95,190,10262,32919,1226,1226,50.04,4,410,25,0,5
0.075976,601,1202,49018,157558,1236,1236,50.44,8,411,25,0,5
0.056113,447,882,43640,141423,1158,1158,47.32,6,412,25,0,5
0.02377,168,336,17407,56640,1152,1152,47.08,3,413,25,0,5
0.009296,40,80,5135,16941,1188,1188,48.52,3,414,25,0,5
0.005382,31,62,3993,12998,1154,1154,47.16,2,415,25,0,5
0.002417,16,32,2407,7864,1116,1116,45.64,4,416,25,0,5
0.008805,47,94,4550,14982,1121,1121,45.84,4,417,25,0,5
0.002209,1,2,1224,4024,1094,1094,44.76,1,418,25,0,5
0.002754,5,10,1761,5751,1121,1121,45.84,2,419,25,0,5
0.002637,11,22,2303,7529,1112,1112,45.48,3,420,25,0,5
0.00645,31,62,4405,14201,1125,1125,46,2,421,25,0,5
0.012403,79,158,8442,27168,1111,1111,45.44,4,422,25,0,5
0.004713,32,64,4422,14217,1142,1142,46.68,3,423,25,0,5
0.011752,77,154,8879,28454,1185,1185,48.4,5,424,25,0,5
0.008819,43,86,5049,16252,1146,1146,46.84,4,425,25,0,5
0.00985,15,30,2662,8585,1186,1186,48.44,2,426,25,0,5
0.006621,32,64,4549,14764,1247,1247,50.88,4,427,25,0,5
0.067397,513,1020,52739,171490,1254,1254,51.16,7,428,25,0,5
0.017666,87,174,10652,34621,1202,1202,49.08,5,429,25,0,5
0.094216,717,1434,80286,260671,1199,1199,48.96,6,430,25,0,5
0.012352,84,168,10098,33212,1156,1156,47.24,5,431,25,0,5
0.009861,51,102,6032,19797,1119,1119,45.76,5,432,25,0,5
0.002018,3,6,1405,4561,1157,1157,47.28,3,433,25,0,5
0.003578,3,6,1439,4674,1165,1165,47.6,3,434,25,0,5
0.001369,2,4,1263,4101,1101,1101,45.04,2,435,25,0,5
0.001272,2,4,1275,4130,1100,1100,45,2,436,25,0,5
0.00456,31,62,4474,14426,1161,1161,47.44,3,437,25,0,5
0.002475,4,8,1706,5574,1177,1177,48.08,1,438,25,0,5
0.004197,7,14,2046,6688,1196,1196,48.84,2,439,25,0,5
0.021656,132,264,14544,46824,1204,1204,49.16,6,440,25,0,5
0.018324,127,254,14604,47179,1216,1216,49.64,4,441,25,0,5
0.006238,31,62,4976,16097,1209,1209,49.36,3,442,25,0,5
0.01345,63,126,9081,29339,1190,1190,48.6,3,443,25,0,5
0.007163,45,90,5797,18560,1181,1181,48.24,3,444,25,0,5
0.002991,7,14,2237,7321,1215,1215,49.6,3,445,25,0,5
0.011252,41,82,7800,25412,1258,1258,51.32,4,446,25,0,5
0.010718,35,70,6915,22540,1241,1241,50.64,3,447,25,0,5
0.003024,0,0,1258,4037,1202,1202,49.08,0,448,25,0,5
0.001548,0,0,1269,4069,1215,1215,49.6,0,449,25,0,5
0.003,3,6,1740,5548,1243,1243,50.72,3,450,25,0,5
0.003074,3,6,1674,5320,1250,1250,51,3,451,25,0,5
0.001818,3,6,1520,4911,1206,1206,49.24,1,452,25,0,5
0.003719,8,16,1806,5904,1182,1182,48.28,3,453,25,0,5
0.00471,16,32,2541,8247,1234,1234,50.36,6,454,25,0,5
0.013939,111,222,11106,35978,1227,1227,50.08,7,455,25,0,5
0.005809,32,64,4290,13908,1265,1265,51.6,5,456,25,0,5
0.003928,7,14,1903,6156,1220,1220,49.8,3,457,25,0,5
0.014313,69,138,7861,25194,1212,1212,49.48,5,458,25,0,5
0.009078,31,62,4877,15612,1208,1208,49.32,2,459,25,0,5
0.007432,56,112,6796,21719,1202,1202,49.08,5,460,25,0,5
0.021421,70,140,8617,27546,1238,1238,50.52,5,461,25,0,5
0.054096,383,766,36576,116973,1194,1194,48.76,7,462,25,0,5
0.030012,224,448,25177,81559,1244,1244,50.76,5,463,25,0,5
0.109451,723,1446,79040,257269,1213,1213,49.52,5,464,25,0,5
0.307323,2063,4126,217368,708585,1210,1210,49.4,7,465,25,0,5
0.126618,878,1756,99788,330160,1218,1218,49.72,10,466,25,0,5
0.171397,633,1266,69569,226009,1276,1276,52.04,6,467,25,0,5
0.079086,461,922,47127,155268,1271,1271,51.84,10,468,25,0,5
0.195113,1139,2278,118258,385726,1257,1257,51.28,8,469,25,0,5
0.12873,886,1771,81026,262446,1246,1246,50.84,6,470,25,0,5
0.016801,67,129,7531,24725,1226,1226,50.04,6,471,25,0,5
0.023786,128,256,15523,48796,1271,1271,51.84,4,472,25,0,5
0.023852,87,174,13711,41118,1220,1220,49.8,6,473,25,0,5
0.007494,26,52,4274,13846,1262,1262,51.48,5,474,25,0,5
0.00855,21,42,3837,12449,1243,1243,50.72,4,475,25,0,5
0.010353,60,120,7720,25199,1237,1237,50.48,6,476,25,0,5
0.012048,63,126,7895,25752,1204,1204,49.16,6,477,25,0,5
0.002885,9,18,2238,7315,1201,1201,49.04,3,478,25,0,5
0.00155,1,2,1365,4454,1246,1246,50.84,1,479,25,0,5
0.003873,13,26,2305,7448,1186,1186,48.44,3,480,25,0,5
0.003634,4,8,1599,5221,1164,1164,47.56,1,481,25,0,5
0.007819,4,8,1669,5442,1257,1257,51.28,2,482,25,0,5
0.002764,3,6,1568,5137,1241,1241,50.64,1,483,25,0,5
0.004325,15,30,2362,7773,1222,1222,49.88,3,484,25,0,5
0.006956,39,78,5002,16464,1184,1184,48.36,4,485,25,0,5
0.041476,243,486,23886,79138,1176,1176,48.04,5,486,25,0,5
0.156668,1024,2048,103045,327758,1170,1170,47.8,5,487,25,0,5
0.152467,1023,2046,107290,348793,1177,1177,48.08,5,488,25,0,5
0.566837,3850,7700,391416,1295987,1173,1173,47.92,7,489,25,0,5
0.079754,447,894,51343,170461,1128,1128,46.12,8,490,25,0,5
0.063344,357,714,46115,150254,1126,1126,46.04,8,491,25,0,5
0.04037,258,516,26440,84910,1092,1092,44.68,5,492,25,0,5
0.034352,261,520,24640,80251,1093,1093,44.72,6,493,25,0,5
0.066581,315,630,26485,86845,1062,1062,43.48,5,494,25,0,5
0.005096,39,78,3990,13017,1091,1091,44.64,3,495,25,0,5
0.009092,8,16,1715,5625,1061,1061,43.44,3,496,25,0,5
0.002942,1,2,1162,3812,1075,1075,44,1,497,25,0,5
0.02296,132,264,15860,52551,1117,1117,45.68,5,498,25,0,5
0.044698,266,532,32599,106753,1068,1068,43.72,5,499,25,0,5
